company,location,total_laid_off,date,percentage_laid_off,industry,country
Pleo,"Copenhagen, Non-U.S.",50.0,2026-06-12,,Finance,Denmark
ServiceNow,SF Bay Area,54.0,2026-06-11,,Support,United States
Opendoor,"Bengaluru, Non-U.S.",250.0,2026-06-10,,Real Estate,India
Shopee,"Jakarta, Non-U.S.",,2026-06-10,0.08,Food,Indonesia
Salesforce,SF Bay Area,86.0,2026-06-09,,Sales,United States
Verily,SF Bay Area,58.0,2026-06-09,,Healthcare,United States
Hailo,"Tel Aviv, Non-U.S.",110.0,2026-06-08,0.5,Manufacturing,Israel
Zencity,"Tel Aviv, Non-U.S.",15.0,2026-06-07,,Other,Israel
Quizlet,SF Bay Area,79.0,2026-06-05,,Education,United States
Dandy,New York City,160.0,2026-06-03,,Healthcare,United States
Skai,"Tel Aviv, Non-U.S.",100.0,2026-06-03,0.2,Marketing,Israel
Uber,SF Bay Area,,2026-06-03,0.01,Transportation,United States
GitLab,SF Bay Area,350.0,2026-06-02,0.14,Product,United States
Aleph Farms,"Tel Aviv, Non-U.S.",10.0,2026-06-02,,Food,Israel
Manhattan Associates,Atlanta,,2026-06-02,0.06,Logistics,United States
Lightricks,"Jerusalem, Non-U.S.",75.0,2026-06-01,0.17,Consumer,Israel
Credit Karma,SF Bay Area,117.0,2026-05-30,,Finance,United States
SentinelOne,SF Bay Area,230.0,2026-05-29,0.08,Security,United States
Interview Kickstart,SF Bay Area,50.0,2026-05-29,,Education,United States
Amdocs,St. Louis,,2026-05-28,0.07,Support,United States
NetApp,SF Bay Area,77.0,2026-05-27,,Data,United States
Groupon,Chicago,400.0,2026-05-26,0.25,Retail,United States
BigID,New York City,,2026-05-26,0.2,Security,United States
Picnic,Seattle,,2026-05-26,1.0,Food,United States
Wix,"Tel Aviv, Non-U.S.",1000.0,2026-05-25,0.2,Marketing,Israel
ClickUp,San Diego,,2026-05-21,0.22,Other,United States
Meta,SF Bay Area,8000.0,2026-05-20,0.1,Consumer,United States
Intuit,SF Bay Area,3000.0,2026-05-20,0.17,Finance,United States
AI21 Labs,"Tel Aviv, Non-U.S.",110.0,2026-05-18,0.61,AI,Israel
Kraken,SF Bay Area,150.0,2026-05-15,,Crypto,United States
Innovaccer,SF Bay Area,340.0,2026-05-14,,Healthcare,United States
Dune,"Oslo, Non-U.S.",,2026-05-14,0.25,Crypto,Norway
Cisco,SF Bay Area,4000.0,2026-05-13,0.05,Infrastructure,United States
LinkedIn,SF Bay Area,875.0,2026-05-13,0.05,Recruiting,United States
Jumia,"Lagos, Non-U.S.",200.0,2026-05-13,,Retail,Nigeria
Guesty,"Tel Aviv, Non-U.S.",20.0,2026-05-13,0.02,Travel,Israel
Breadfast,"Cairo, Non-U.S.",58.0,2026-05-12,,Food,Egypt
MRI Software,Cleveland,200.0,2026-05-11,,Real Estate,United States
One Identity,"Dresden, Non-U.S.",41.0,2026-05-11,,Security,Germany
MessageBird,"Amsterdam, Non-U.S.",,2026-05-11,0.2,Other,Netherlands
ZoomInfo,Portland,600.0,2026-05-10,0.2,Sales,United States
Adda247,"Gurugram, Non-U.S.",200.0,2026-05-10,0.2,Education,India
Parker,New York City,,2026-05-09,1.0,Finance,United States
Staffbase,"Chemnitz, Non-U.S.",176.0,2026-05-08,0.22,Other,Germany
Cloudflare,SF Bay Area,1100.0,2026-05-07,0.2,Security,United States
Bill.com,SF Bay Area,709.0,2026-05-07,0.3,Finance,United States
Ticketmaster,Los Angeles,350.0,2026-05-07,0.08,Consumer,United States
DeepL,"Cologne, Non-U.S.",250.0,2026-05-07,0.21,AI,Germany
Upwork,SF Bay Area,151.0,2026-05-07,0.24,Other,United States
Truecaller,"Stockholm, Non-U.S.",70.0,2026-05-07,,Consumer,Sweden
Arctic Wolf,Minneapolis,250.0,2026-05-06,0.1,Security,United States
Pocket FM,"Bengaluru, Non-U.S.",100.0,2026-05-06,0.1,Media,India
LSports,"Tel Aviv, Non-U.S.",40.0,2026-05-06,0.2,Data,Israel
ApnaMart,"Bengaluru, Non-U.S.",35.0,2026-05-06,0.1,Food,India
reAlpha,Columbus,,2026-05-06,0.25,Real Estate,United States
PayPal,SF Bay Area,4760.0,2026-05-05,0.2,Finance,United States
Coinbase,SF Bay Area,700.0,2026-05-05,0.14,Crypto,United States
Freshworks,SF Bay Area,500.0,2026-05-05,0.11,Support,United States
0G,SF Bay Area,,2026-05-05,0.25,Crypto,United States
Shopify,"Ottawa, Non-U.S.",30.0,2026-05-04,,Retail,Canada
Pentera,Boston,40.0,2026-04-27,0.08,Security,United States
SuperOps,"Chennai, Non-U.S.",60.0,2026-04-24,0.3,Other,India
Remarkable,"Oslo, Non-U.S.",200.0,2026-04-22,,Hardware,Norway
Epidemic Sound,"Stockholm, Non-U.S.",150.0,2026-04-21,0.33,Media,Sweden
GeoComply,"Vancouver, Non-U.S.",68.0,2026-04-21,0.15,Security,United States
Qt Company,"Oslo, Non-U.S.",200.0,2026-04-20,,Product,Norway
Acko,"Mumbai, Non-U.S.",60.0,2026-04-20,0.05,Finance,India
Sama,"Nairobi, Non-U.S.",1108.0,2026-04-16,,AI,Kenya
Shutterfly,"Haifa, Non-U.S.",80.0,2026-04-16,,Manufacturing,United States
Snap,Los Angeles,1000.0,2026-04-15,0.16,Consumer,United States
UKG,Boston,950.0,2026-04-15,,HR,United States
Taboola,New York City,100.0,2026-04-15,0.05,Marketing,United States
Swyftx,"Brisbane, Non-U.S.",37.0,2026-04-15,0.15,Crypto,Australia
Nayax,"Tel Aviv, Non-U.S.",32.0,2026-04-15,0.03,Finance,Israel
Productboard,SF Bay Area,,2026-04-15,0.3,Product,United States
GoCardless,"London, Non-U.S.",90.0,2026-04-14,,Finance,United Kingdom
Qualcomm,San Diego,104.0,2026-04-09,,Hardware,United States
Cars.com,Chicago,,2026-04-09,0.11,Transportation,United States
Pepper Pay,Miami,,2026-04-09,1.0,Finance,United States
IAC,New York City,77.0,2026-04-08,0.02,Consumer,United States
GoPro,SF Bay Area,145.0,2026-04-07,0.23,Consumer,United States
Pendo,Raleigh,90.0,2026-04-07,0.1,Product,United States
Bolt,SF Bay Area,,2026-04-05,0.33,Finance,United States
Welltech,"Limassol, Non-U.S.",225.0,2026-04-03,0.3,Fitness,Cyprus
NeuroPixel.AI,"Bengaluru, Non-U.S.",,2026-04-03,1.0,Retail,India
Meta,SF Bay Area,200.0,2026-04-02,,Consumer,United States
MARA,Miami,,2026-04-02,0.15,Crypto,United States
Oracle,SF Bay Area,30000.0,2026-03-31,,Other,United States
Monzo,"London, Non-U.S.",50.0,2026-03-31,,Finance,United Kingdom
Covrzy,"Bengaluru, Non-U.S.",,2026-03-31,1.0,Finance,India
Rec Room,Seattle,,2026-03-31,1.0,Consumer,United States
Yupp,SF Bay Area,,2026-03-31,1.0,AI,United States
Enpal,"Berlin, Non-U.S.",100.0,2026-03-27,,Energy,Germany
Monte Carlo,SF Bay Area,,2026-03-26,0.3,Data,United States
Quandoo,"Berlin, Non-U.S.",,2026-03-26,1.0,Food,Germany
Meta,SF Bay Area,700.0,2026-03-25,0.01,Consumer,United States
Epic Games,Raleigh,1000.0,2026-03-24,,Consumer,United States
Zendesk,SF Bay Area,100.0,2026-03-24,,Support,United States
Spotify,"Stockholm, Non-U.S.",15.0,2026-03-23,,Media,Sweden
Gemini,New York City,,2026-03-20,0.3,Crypto,United States
Crypto.com,"Singapore, Non-U.S.",,2026-03-19,0.12,Crypto,Singapore
FranShares,Chicago,,2026-03-17,1.0,Finance,United States
Dell,Austin,11000.0,2026-03-16,0.1,Hardware,United States
Stone,"Sao Paulo, Non-U.S.",400.0,2026-03-13,0.03,Finance,Brazil
Loopio,"Toronto, Non-U.S.",36.0,2026-03-13,0.12,Sales,Canada
Atlassian,"Sydney, Non-U.S.",1600.0,2026-03-11,0.1,Other,Australia
InvestCloud,Los Angeles,150.0,2026-03-10,,Finance,United States
Flipkart,"Bengaluru, Non-U.S.",500.0,2026-03-06,,Retail,India
SSense,"Montreal, Non-U.S.",215.0,2026-03-05,,Retail,Canada
Marketsource,Atlanta,57.0,2026-03-05,0.11,Sales,United States
Supernal,Los Angeles,296.0,2026-03-04,0.8,Transportation,United States
Envato,"Melbourne, Non-U.S.",200.0,2026-03-04,0.3,Marketing,Australia
Amazon,Seattle,100.0,2026-03-04,,Retail,United States
At-Bay,"Tel Aviv, Non-U.S.",25.0,2026-03-04,,Security,United States
MicroVision,Seattle,49.0,2026-03-03,,Other,United States
Zap Africa,"Lagos, Non-U.S.",,2026-02-28,0.44,Finance,Nigeria
Block,SF Bay Area,4000.0,2026-02-26,0.4,Finance,United States
Ocado,"London, Non-U.S.",1000.0,2026-02-26,0.05,Food,United Kingdom
eBay,SF Bay Area,800.0,2026-02-26,0.06,Retail,Israel
C3.ai,SF Bay Area,280.0,2026-02-25,0.26,AI,United States
Deliveroo,"London, Non-U.S.",187.0,2026-02-25,,Food,United Kingdom
WiseTech,"Sydney, Non-U.S.",2000.0,2026-02-24,0.3,Logistics,Australia
TrueCar,Los Angeles,100.0,2026-02-24,0.3,Transportation,United States
Livspace,"Bengaluru, Non-U.S.",1000.0,2026-02-20,0.12,Consumer,India
Lucid Motors,SF Bay Area,,2026-02-20,0.12,Transportation,United States
Xero,"Wellington, Non-U.S.",250.0,2026-02-18,,Finance,New Zealand
Cyberark,Boston,500.0,2026-02-17,0.12,Security,United States
Huawei,"Tel Aviv, Non-U.S.",50.0,2026-02-15,,Hardware,Israel
Axonius,New York City,40.0,2026-02-15,0.04,Security,United States
Clari,SF Bay Area,76.0,2026-02-12,,Sales,United States
Glossier,New York City,50.0,2026-02-11,0.33,Retail,United States
Dayforce,"Toronto, Non-U.S.",,2026-02-11,0.05,HR,Canada
Fi.Money,"Bengaluru, Non-U.S.",,2026-02-10,0.4,Finance,India
Workday,SF Bay Area,400.0,2026-02-04,0.02,HR,United States
Rewire,"Tel Aviv, Non-U.S.",110.0,2026-02-04,,Finance,Israel
Zillow,Seattle,200.0,2026-02-02,,Real Estate,United States
Zipcar,Boston,126.0,2026-02-02,,Transportation,United States
Expedia,Seattle,100.0,2026-02-01,,Travel,United States
Zupee,"New Delhi, Non-U.S.",200.0,2026-01-30,,Consumer,India
Peloton,New York City,,2026-01-30,0.11,Fitness,United States
Kiwi.com,"Brno, Non-U.S.",250.0,2026-01-29,0.36,Travel,Czech Republic
Amazon,Seattle,16000.0,2026-01-28,,Retail,United States
ASML,"Veldhoven, Non-U.S.",1700.0,2026-01-28,,Hardware,Netherlands
Pinterest,SF Bay Area,700.0,2026-01-27,0.15,Consumer,United States
Moon Active,"Tel Aviv, Non-U.S.",110.0,2026-01-27,0.05,Consumer,Israel
Entropy,New York City,,2026-01-25,1.0,Crypto,United States
Roof Stacks,"Istanbul, Non-U.S.",220.0,2026-01-24,,Consumer,Turkey
Autodesk,SF Bay Area,1000.0,2026-01-22,0.07,Other,United States
Polygon,"Cayman Islands, Non-U.S.",60.0,2026-01-16,,Crypto,Cayman Islands
Ericsson,"Stockholm, Non-U.S.",1600.0,2026-01-15,,Other,Sweden
Tipalti,SF Bay Area,100.0,2026-01-15,,Finance,United States
Playtika,"Tel Aviv, Non-U.S.",500.0,2026-01-14,0.15,Consumer,Israel
Aleph Alpha,"Frankfurt, Non-U.S.",50.0,2026-01-14,0.16,AI,Germany
Meta,SF Bay Area,1500.0,2026-01-13,0.02,Consumer,United States
eToro,"Tel Aviv, Non-U.S.",105.0,2026-01-13,0.07,Finance,Israel
Alle,"Bengaluru, Non-U.S.",,2026-01-13,1.0,Retail,India
MercadoLibre,"Buenos Aires, Non-U.S.",116.0,2026-01-12,,Retail,Brazil
FormFactor,SF Bay Area,220.0,2026-01-09,0.11,Manufacturing,United States
Kaseya,Miami,250.0,2026-01-08,0.05,Security,United States
Hailo,"Tel Aviv, Non-U.S.",30.0,2026-01-08,0.1,Manufacturing,Israel
Foretellix,"Tel Aviv, Non-U.S.",29.0,2026-01-08,0.18,Transportation,Israel
Tailwind Labs,Oklahoma City,3.0,2026-01-08,,Product,United States
Angi,Indianapolis,350.0,2026-01-07,,Consumer,United States
Multiverse,"London, Non-U.S.",55.0,2026-01-05,,Education,United Kingdom
Sapiens,"Tel Aviv, Non-U.S.",700.0,2025-12-28,0.15,Finance,Israel
Yellow.ai,SF Bay Area,100.0,2025-12-23,0.3,Support,United States
Amazon,Seattle,84.0,2025-12-15,,Retail,United States
EyeEm,"Berlin, Non-U.S.",,2025-12-11,1.0,Other,Germany
Lusha,Boston,24.0,2025-12-10,0.08,Sales,United States
Tenstorrent,"Toronto, Non-U.S.",80.0,2025-12-09,0.07,Hardware,Canada
Whatfix,"Bengaluru, Non-U.S.",60.0,2025-12-09,0.06,AI,India
VSCO,SF Bay Area,24.0,2025-12-09,,Consumer,United States
GenWise,"New Delhi, Non-U.S.",,2025-12-09,1.0,Other,India
Mobileye,"Jerusalem, Non-U.S.",200.0,2025-12-08,0.04,Transportation,Israel
Payoneer,New York City,60.0,2025-12-08,0.06,Finance,United States
Teads,New York City,180.0,2025-12-04,0.1,Marketing,United States
Cellebrite,"Tel Aviv, Non-U.S.",20.0,2025-12-03,0.01,Other,Israel
Aqua Security,"Tel Aviv, Non-U.S.",20.0,2025-12-01,,Security,United States
Inbound Health,Minneapolis,,2025-12-01,1.0,Healthcare,United States
Junglee Games,"New Delhi, Non-U.S.",350.0,2025-11-26,,Consumer,India
HP,SF Bay Area,4000.0,2025-11-25,,Hardware,United States
ezCater,Boston,40.0,2025-11-21,0.04,Food,United States
Monarch Tractor,SF Bay Area,102.0,2025-11-19,,Other,United States
Pleo,"Copenhagen, Non-U.S.",100.0,2025-11-19,0.12,Finance,Denmark
UKG,"Montevideo, Non-U.S.",300.0,2025-11-18,,HR,Uruguay
Culture Amp,"Melbourne, Non-U.S.",60.0,2025-11-18,0.06,HR,Australia
Veson Nautical,Boston,,2025-11-18,0.2,Other,United States
Playtika,"Tel Aviv, Non-U.S.",700.0,2025-11-17,0.2,Consumer,Israel
Pipe,SF Bay Area,200.0,2025-11-16,0.5,Finance,United States
Flipkart,"Bengaluru, Non-U.S.",40.0,2025-11-16,,Retail,India
BharatAgri,"Mumbai, Non-U.S.",37.0,2025-11-13,1.0,Food,India
Synopsys,SF Bay Area,2000.0,2025-11-12,0.1,Other,United States
Deepwatch,Tampa Bay,80.0,2025-11-12,0.32,Security,United States
GamesKraft,"Bengaluru, Non-U.S.",280.0,2025-11-10,,Consumer,India
Sonder,SF Bay Area,,2025-11-10,1.0,Travel,United States
Axonius,New York City,100.0,2025-11-06,0.11,Security,United States
MyBambu,Memphis,141.0,2025-11-05,1.0,Finance,United States
Hewlett Packard Enterprise,SF Bay Area,52.0,2025-11-05,,Hardware,United States
TripAdvisor,Boston,,2025-11-05,0.2,Travel,United States
Porter,"Bengaluru, Non-U.S.",350.0,2025-11-04,0.18,Logistics,India
Personio,"Munich, Non-U.S.",165.0,2025-10-29,0.1,HR,Germany
Amazon,Seattle,14000.0,2025-10-27,0.01,Retail,United States
Chegg,SF Bay Area,388.0,2025-10-27,0.45,Education,United States
Lightricks,"Jerusalem, Non-U.S.",85.0,2025-10-27,0.15,Consumer,Israel
Medtronic,"Jerusalem, Non-U.S.",60.0,2025-10-27,,Healthcare,United States
Hootsuite,"Vancouver, Non-U.S.",,2025-10-27,0.2,Marketing,Canada
Robin AI,"London, Non-U.S.",,2025-10-24,0.33,Legal,United Kingdom
Applied Material,SF Bay Area,1400.0,2025-10-23,0.04,Manufacturing,United States
Rivian,Los Angeles,600.0,2025-10-23,0.04,Transportation,United States
Kaseya,Miami,200.0,2025-10-23,,Security,United States
Altruist,SF Bay Area,50.0,2025-10-23,0.15,Finance,United States
Meta,SF Bay Area,600.0,2025-10-22,,Consumer,United States
Ludeo,Los Angeles,25.0,2025-10-20,0.5,Consumer,United States
Zepto,"Mumbai, Non-U.S.",300.0,2025-10-18,0.05,Retail,India
Broadcom,SF Bay Area,247.0,2025-10-17,,Hardware,United States
Tia,New York City,,2025-10-17,0.23,Healthcare,United States
Bill.com,SF Bay Area,,2025-10-15,0.06,Finance,United States
Handshake,SF Bay Area,100.0,2025-10-14,0.15,Recruiting,United States
Smartsheet,Seattle,120.0,2025-10-02,,Other,United States
Google,SF Bay Area,50.0,2025-10-02,,Consumer,United States
Paycom,Oklahoma City,500.0,2025-10-01,,HR,United States
Google,SF Bay Area,100.0,2025-10-01,,Consumer,United States
Simpl,"Bengaluru, Non-U.S.",80.0,2025-10-01,,Finance,India
Just Eat,"Amsterdam, Non-U.S.",450.0,2025-09-25,0.05,Food,Netherlands
Yolo Group,"Tallinn, Non-U.S.",280.0,2025-09-23,,Finance,Estonia
GamesKraft,"Bengaluru, Non-U.S.",120.0,2025-09-18,,Consumer,India
ZipRecruiter,"Tel Aviv, Non-U.S.",80.0,2025-09-16,,Recruiting,United States
Fiverr,"Tel Aviv, Non-U.S.",250.0,2025-09-15,0.3,Other,Israel
Hike,"New Delhi, Non-U.S.",,2025-09-13,1.0,Consumer,India
xAI,SF Bay Area,500.0,2025-09-12,,AI,United States
Zupee,"New Delhi, Non-U.S.",170.0,2025-09-11,0.3,Consumer,India
Atlassian,"Sydney, Non-U.S.",200.0,2025-09-10,,Other,Australia
Verbit,New York City,22.0,2025-09-10,,Data,United States
Microsoft,Seattle,42.0,2025-09-08,,Other,United States
Rivian,Los Angeles,200.0,2025-09-05,0.01,Transportation,United States
Head Digital Works,"Hyderabad, Non-U.S.",500.0,2025-09-04,,Consumer,India
Salesforce,SF Bay Area,262.0,2025-09-04,,Sales,United States
Oracle,SF Bay Area,254.0,2025-09-04,,Other,United States
GupShup,SF Bay Area,100.0,2025-09-04,,Other,India
Bobble AI,"New Delhi, Non-U.S.",50.0,2025-09-04,,Consumer,India
Oracle,Seattle,101.0,2025-09-03,,Other,United States
Salesforce,Seattle,93.0,2025-09-03,,Sales,United States
Salesforce,"Dublin, Non-U.S.",30.0,2025-09-03,,Sales,United States
The Gist,"Tel Aviv, Non-U.S.",,2025-09-03,1.0,Other,Israel
theGist,"Tel Aviv, Non-U.S.",,2025-09-03,1.0,Other,Israel
Vimeo,New York City,,2025-09-03,0.1,Consumer,United States
Games 24x7,"Mumbai, Non-U.S.",400.0,2025-09-01,,Consumer,India
Mobile Premier League,"Bengaluru, Non-U.S.",300.0,2025-09-01,,Consumer,India
Krutrim,"Bengaluru, Non-U.S.",50.0,2025-09-01,,AI,India
Salesforce,SF Bay Area,4000.0,2025-08-31,,Sales,United States
Flip,SF Bay Area,,2025-08-29,1.0,Consumer,United States
Rec Room,Seattle,141.0,2025-08-27,,Consumer,United States
BeepKart,"Bengaluru, Non-U.S.",150.0,2025-08-23,1.0,Retail,India
Cisco,SF Bay Area,221.0,2025-08-19,,Infrastructure,United States
Oracle,SF Bay Area,101.0,2025-08-19,,Other,United States
Kyte,SF Bay Area,,2025-08-15,1.0,Transportation,United States
Restaurant365,Los Angeles,100.0,2025-08-14,0.09,Food,United States
Oracle,SF Bay Area,289.0,2025-08-13,,Other,United States
Oracle,SF Bay Area,188.0,2025-08-13,,Other,United States
Oracle,Seattle,161.0,2025-08-13,,Other,United States
F5,Seattle,106.0,2025-08-13,0.02,Security,United States
Micron,Boise,300.0,2025-08-12,,Hardware,United States
BenchSci,"Toronto, Non-U.S.",83.0,2025-08-12,0.23,Healthcare,Canada
Kaltura,New York City,70.0,2025-08-07,0.1,Media,United States
Nextdoor,SF Bay Area,67.0,2025-08-07,0.12,Consumer,United States
Peloton,New York City,,2025-08-07,0.06,Fitness,United States
Yotpo,New York City,200.0,2025-08-05,0.34,Marketing,United States
Windsurf,SF Bay Area,30.0,2025-08-05,,AI,United States
Wondery,Los Angeles,100.0,2025-08-04,,Media,United States
Clear,"Bengaluru, Non-U.S.",145.0,2025-08-01,0.16,Finance,India
Atlassian,"Sydney, Non-U.S.",150.0,2025-07-30,,Other,Australia
Astra,"Bengaluru, Non-U.S.",106.0,2025-07-28,1.0,Sales,India
Krutrim,"Bengaluru, Non-U.S.",100.0,2025-07-28,,AI,India
Eyeo,"Cologne, Non-U.S.",,2025-07-28,0.4,Marketing,Germany
Ohm Mobility,Bengaluru,,2025-07-24,1.0,Transportation,India
PlaxidityX,"Tel Aviv, Non-U.S.",65.0,2025-07-23,0.36,Security,Israel
ConsenSys,New York City,47.0,2025-07-22,0.07,Crypto,United States
Zeen,SF Bay Area,,2025-07-21,1.0,Consumer,United States
Rocket Companies,Detroit,,2025-07-18,0.02,Real Estate,United States
TytoCare,New York City,35.0,2025-07-17,0.22,Healthcare,United States
Amicole,New York City,,2025-07-17,1.0,Retail,United States
CodeParrot,"Bengaluru, Non-U.S.",,2025-07-17,1.0,Product,India
Scale AI,SF Bay Area,200.0,2025-07-16,0.14,Data,United States
Lenovo,Raleigh,100.0,2025-07-16,0.03,Hardware,United States
Jamf,Minneapolis,166.0,2025-07-15,0.06,Other,United States
King.com,"Stockholm, Non-U.S.",200.0,2025-07-14,,Consumer,Sweden
Blip,"Bengaluru, Non-U.S.",,2025-07-12,1.0,Retail,India
Intel,Sacramento,5000.0,2025-07-11,,Hardware,United States
Indeed + Glassdoor,Austin,1300.0,2025-07-10,,HR,United States
Augury,New York City,60.0,2025-07-10,0.18,Manufacturing,United States
Eigen Labs,Seattle,29.0,2025-07-08,0.25,Crypto,United States
Nayax,"Tel Aviv, Non-U.S.",70.0,2025-07-07,0.06,Finance,Israel
Subtl AI,"Hyderabad, Non-U.S.",,2025-07-03,1.0,AI,India
Microsoft,Seattle,9000.0,2025-07-02,0.04,Other,United States
Retrain.ai,New York City,20.0,2025-07-02,1.0,HR,Israel
Okra,"Lagos, Non-U.S.",,2025-07-02,1.0,Finance,Nigeria
TomTom,"Amsterdam, Non-U.S.",300.0,2025-06-30,0.1,Other,Netherlands
Rivian,Los Angeles,140.0,2025-06-26,0.01,Transportation,United States
Bumble,Austin,240.0,2025-06-25,0.3,Consumer,United States
Klue,"Vancouver, Non-U.S.",85.0,2025-06-25,0.4,Sales,Canada
Google,SF Bay Area,75.0,2025-06-24,,Consumer,United States
Pluralsight,Salt Lake City,,2025-06-24,0.17,Education,United States
Khoros,Austin,116.0,2025-06-20,,Sales,United States
Sabi,"Lagos, Non-U.S.",50.0,2025-06-19,0.2,Retail,Nigeria
Salto,"Tel Aviv, Non-U.S.",30.0,2025-06-10,0.5,Other,Israel
ZoomInfo,"Vancouver, Non-U.S.",150.0,2025-06-09,0.04,Sales,Canada
Playtika,"Tel Aviv, Non-U.S.",90.0,2025-06-05,,Consumer,Israel
Airtime,New York City,25.0,2025-06-04,0.43,Consumer,United States
Microsoft,Seattle,305.0,2025-06-02,0.03,Other,United States
Hims & Hers,SF Bay Area,68.0,2025-05-30,0.04,Healthcare,United States
Business Insider,New York City,,2025-05-29,0.2,Media,United States
eBay,"Tel Aviv, Non-U.S.",200.0,2025-05-28,,Retail,Israel
Cars24,"Gurugram, Non-U.S.",120.0,2025-05-27,,Transportation,India
nCino,Wilmington,,2025-05-27,0.07,Finance,United States
Otipy,"New Delhi, Non-U.S.",300.0,2025-05-23,1.0,Food,India
LeddarTech,"Quebec, Non-U.S.",138.0,2025-05-22,0.95,Transportation,Canada
Climeworks,"Zurich, Non-U.S.",106.0,2025-05-21,0.22,Energy,Switzerland
Builder.ai,"London, Non-U.S.",,2025-05-20,1.0,AI,United Kingdom
Blink Charging,Baltimore,,2025-05-19,0.2,Other,United States
VerSe Innovation copy,"Bengaluru, Non-U.S.",350.0,2025-05-18,,Media,India
GroundGame Health,Tampa Bay,97.0,2025-05-15,,Healthcare,United States
Noogata,"Tel Aviv, Non-U.S.",10.0,2025-05-15,1.0,AI,Israel
Amazon,Seattle,100.0,2025-05-14,,Retail,United States
Microsoft,Seattle,6000.0,2025-05-13,0.03,Other,United States
Chegg,SF Bay Area,248.0,2025-05-12,0.22,Education,United States
Match Group,New York City,325.0,2025-05-08,0.13,Consumer,United States
CrowdStrike,SF Bay Area,500.0,2025-05-07,0.05,Security,United States
Games 24x7,"Mumbai, Non-U.S.",180.0,2025-05-07,,Consumer,India
OpenText,"Waterloo, Non-U.S.",1600.0,2025-05-06,,Data,Canada
GenWise,"New Delhi, Non-U.S.",15.0,2025-05-05,0.2,Other,India
General Fusion,"Vancouver, Non-U.S.",,2025-05-05,0.25,Energy,Canada
Deep Instinct,"Tel Aviv, Non-U.S.",20.0,2025-05-04,0.1,Security,Israel
Log 9 Materials,"Bengaluru, Non-U.S.",,2025-05-02,1.0,Manufacturing,India
Beam,"Bristol, Non-U.S.",200.0,2025-05-01,1.0,Other,United Kingdom
NetApp,SF Bay Area,700.0,2025-04-30,0.06,Data,United States
Electronic Arts,SF Bay Area,300.0,2025-04-29,,Consumer,United States
Stem,SF Bay Area,,2025-04-29,0.27,Energy,United States
Expedia,Seattle,,2025-04-28,0.03,Travel,United States
Tomorrow,Seattle,,2025-04-28,1.0,Hardware,United States
Cars24,"Gurugram, Non-U.S.",200.0,2025-04-26,,Transportation,India
Cars24,"Gurugram, Non-U.S.",200.0,2025-04-26,,Transportation,India
SambaNova,SF Bay Area,77.0,2025-04-25,0.15,AI,United States
Meta,SF Bay Area,100.0,2025-04-24,,Consumer,United States
Katana,"Tallinn, Non-U.S.",75.0,2025-04-24,,Other,Estonia
Intel,Sacramento,22000.0,2025-04-23,0.2,Hardware,United States
Zopper,"Noida, Non-U.S.",100.0,2025-04-17,,Finance,India
Turo,SF Bay Area,150.0,2025-04-16,0.17,Transportation,United States
AppLovin,SF Bay Area,97.0,2025-04-16,,Marketing,United States
Smashing,SF Bay Area,7.0,2025-04-16,1.0,Consumer,United States
GupShup,SF Bay Area,200.0,2025-04-15,,Other,India
Forto,"Berlin, Non-U.S.",200.0,2025-04-12,,Logistics,Germany
Marin Software,SF Bay Area,,2025-04-10,1.0,Marketing,United States
Wing Cloud,"Tel Aviv, Non-U.S.",,2025-04-09,1.0,Infrastructure,Israel
Coho AI,"Tel Aviv, Non-U.S.",,2025-04-06,1.0,Sales,Israel
Five9,SF Bay Area,123.0,2025-04-03,0.04,Support,United States
Automattic,SF Bay Area,281.0,2025-04-02,0.16,Other,United States
Canva,"Sydney, Non-U.S.",10.0,2025-04-02,,Consumer,Australia
WhyHive,"Melbourne, Non-U.S.",,2025-04-02,1.0,Data,Australia
Zomato,"Gurugram, Non-U.S.",600.0,2025-04-01,,Food,India
Northvolt,"Stockholm, Non-U.S.",2800.0,2025-03-31,0.62,Energy,Sweden
Palantir,Denver,120.0,2025-03-27,,Data,United States
Block,SF Bay Area,931.0,2025-03-25,0.08,Finance,United States
Niantic,SF Bay Area,68.0,2025-03-25,,Other,United States
Prefect,Washington D.C.,20.0,2025-03-25,,Data,United States
Brightcove,Boston,198.0,2025-03-19,0.33,Marketing,United States
Acxiom,Little Rock,130.0,2025-03-19,0.03,Marketing,United States
HelloFresh,SF Bay Area,273.0,2025-03-17,,Food,United States
Otorio,"Tel Aviv, Non-U.S.",45.0,2025-03-17,0.56,Security,Israel
ActiveFence,New York City,22.0,2025-03-13,0.07,Security,United States
D-ID,"Tel Aviv, Non-U.S.",22.0,2025-03-10,0.25,AI,Israel
Arrival,"London, Non-U.S.",,2025-03-10,1.0,Transportation,United Kingdom
Wayfair ,Boston,340.0,2025-03-07,,Retail,Germany
Welltech,"Limassol, Non-U.S.",80.0,2025-03-07,0.1,Fitness,Cyprus
Hewlett Packard Enterprise,SF Bay Area,2500.0,2025-03-06,0.05,Hardware,United States
TikTok,"Dublin, Non-U.S.",300.0,2025-03-06,,Consumer,Ireland
LiveRamp,SF Bay Area,65.0,2025-03-05,0.05,Marketing,United States
Ola Electric,"Bengaluru, Non-U.S.",1000.0,2025-03-03,,Transportation,India
Rec Room,Seattle,,2025-03-03,0.16,Consumer,United States
ANS Commerce,"Gurugram, Non-U.S.",,2025-03-02,1.0,Retail,India
HP,SF Bay Area,4000.0,2025-02-28,0.1,Hardware,United States
Grubhub,SF Bay Area,500.0,2025-02-28,0.23,Food,United States
Autodesk,SF Bay Area,1350.0,2025-02-27,0.09,Other,United States
Digimarc,Portland,90.0,2025-02-27,0.4,Other,United States
Flywire,Boston,125.0,2025-02-26,,Finance,United States
eBay,"Tel Aviv, Non-U.S.",20.0,2025-02-26,,Retail,Israel
Commercetools,"Munich, Non-U.S.",,2025-02-26,0.1,Retail,Germany
Dayforce,"Toronto, Non-U.S.",,2025-02-26,0.05,HR,Canada
Skybox Security,SF Bay Area,300.0,2025-02-24,1.0,Security,United States
HerMD,Cincinnati,,2025-02-24,1.0,Healthcare,United States
Ibotta,Denver,70.0,2025-02-22,0.08,Retail,United States
Zendesk,SF Bay Area,51.0,2025-02-21,,Support,United States
Electriq Global,"Tel Aviv, Non-U.S.",,2025-02-21,1.0,Energy,Israel
SeatGeek,New York City,150.0,2025-02-20,0.15,Consumer,United States
Vendease,"Lagos, Non-U.S.",120.0,2025-02-19,0.44,Food,Nigeria
Logically,"Manchester, Non-U.S.",40.0,2025-02-17,0.2,AI,United Kingdom
Blue Origin,Seattle,1000.0,2025-02-13,0.1,Aerospace,United States
Metro Africa Xpress,"Lagos, Non-U.S.",150.0,2025-02-13,,Logistics,Nigeria
Sophos,"Oxford, Non-U.S.",,2025-02-13,0.06,Security,United Kingdom
Redfin,Seattle,450.0,2025-02-12,,Real Estate,United States
Zepz,"London, Non-U.S.",200.0,2025-02-12,0.2,Finance,United Kingdom
Meta,SF Bay Area,3600.0,2025-02-10,0.05,Consumer,United States
Wise,Tampa Bay,300.0,2025-02-10,,Finance,United States
Justworks,New York City,200.0,2025-02-10,,HR,United States
MessageBird,"Amsterdam, Non-U.S.",120.0,2025-02-10,0.33,Other,Netherlands
Sprinklr,New York City,500.0,2025-02-06,0.15,Support,United States
NanoLock,"Tel Aviv, Non-U.S.",,2025-02-06,1.0,Security,Israel
Refurbed,"Vienna, Non-U.S.",,2025-02-06,0.2,Retail,Austria
Workday,SF Bay Area,1750.0,2025-02-05,0.08,HR,United States
Gemini,New York City,200.0,2025-02-05,,Crypto,United States
Outbrain,New York City,200.0,2025-02-05,,Marketing,United States
Sonos,Santa Barbara,200.0,2025-02-05,0.12,Consumer,United States
SRTX,"Montreal, Non-U.S.",140.0,2025-02-05,,Manufacturing,Canada
Tabnine,"Tel Aviv, Non-U.S.",15.0,2025-02-05,0.18,AI,Israel
Hugging Face,New York City,10.0,2025-02-05,0.04,AI,United States
Cruise,SF Bay Area,1000.0,2025-02-04,0.5,Transportation,United States
Okta,SF Bay Area,180.0,2025-02-04,0.03,Security,United States
AppsFlyer,SF Bay Area,100.0,2025-02-04,0.07,Data,United States
Asana,SF Bay Area,100.0,2025-02-04,,Other,United States
TripAdvisor,Boston,75.0,2025-02-04,,Travel,United States
Intel,Sacramento,58.0,2025-02-04,,Hardware,United States
Innoviz,"Tel Aviv, Non-U.S.",40.0,2025-02-04,0.09,Transportation,Israel
Salesforce,SF Bay Area,1000.0,2025-02-03,0.01,Sales,United States
Sure,New York City,70.0,2025-02-03,,Finance,United States
Cushion,SF Bay Area,,2025-01-30,1.0,Finance,United States
Placer.ai,SF Bay Area,150.0,2025-01-29,0.18,Data,United States
Digital River,Minneapolis,122.0,2025-01-28,,Retail,United States
Aurora Labs,"Tel Aviv, Non-U.S.",45.0,2025-01-27,0.6,Transportation,Israel
Stripe,SF Bay Area,300.0,2025-01-21,0.03,Finance,United States
Unbabel,"Lisbon, Non-U.S.",66.0,2025-01-20,0.25,Support,Portugal
Chrono24,"Karlsruhe, Non-U.S.",110.0,2025-01-16,0.24,Retail,Germany
Pocket FM,"Bengaluru, Non-U.S.",75.0,2025-01-16,,Media,India
Aurora Solar,SF Bay Area,58.0,2025-01-16,,Energy,United States
HeyJobs,"Berlin, Non-U.S.",90.0,2025-01-15,,Recruiting,Germany
AppLovin,SF Bay Area,89.0,2025-01-15,,Marketing,United States
ShareChat,"Bengaluru, Non-U.S.",27.0,2025-01-15,0.05,Marketing,India
Textio,Seattle,15.0,2025-01-15,,Recruiting,United States
Advisor Credit Exchange,Philadelphia,,2025-01-14,1.0,Finance,United States
Alza,New York City,,2025-01-13,1.0,Finance,United States
Boozt,"Malmo, Non-U.S.",,2025-01-13,0.1,Retail,Sweden
Wayfair,"Berlin, Non-U.S.",730.0,2025-01-10,0.03,Retail,Germany
Pandion,Seattle,63.0,2025-01-10,1.0,Logistics,United States
Icon,Austin,114.0,2025-01-09,,Construction,United States
Redfin,Seattle,46.0,2025-01-09,,Real Estate,United States
Altruist,SF Bay Area,37.0,2025-01-07,0.1,Finance,United States
SolarEdge,"Tel Aviv, Non-U.S.",400.0,2025-01-06,,Energy,Israel
Level,New York City,,2025-01-02,1.0,Finance,United States
GupShup,SF Bay Area,300.0,2024-12-31,,Other,India
Brave Care,Portland,,2024-12-31,1.0,Healthcare,United States
Epicery,"Paris, Non-U.S.",,2024-12-31,1.0,Food,France
Bench,"Vancouver, Non-U.S.",450.0,2024-12-27,1.0,Finance,Canada
Lilium,"Munich, Non-U.S.",1000.0,2024-12-23,1.0,Aerospace,Germany
BionicHIVE,"Sderot, Non-U.S.",,2024-12-22,1.0,Hardware,Israel
Thrive,"Mumbai, Non-U.S.",,2024-12-14,1.0,Food,India
Cint,"Stockholm, Non-U.S.",,2024-12-12,0.12,Data,Sweden
Foundry,Rochester,74.0,2024-12-11,0.27,Crypto,United States
Calendly,Atlanta,70.0,2024-12-11,0.13,Other,United States
Canoo,Los Angeles,20.0,2024-12-11,,Transportation,United States
OfferUp,Seattle,,2024-12-11,0.22,Retail,United States
Bluevine,"Tel Aviv, Non-U.S.",100.0,2024-12-10,0.18,Finance,Israel
EasyKnock,New York City,,2024-12-09,1.0,Real Estate,United States
Carousell,"Singapore, Non-U.S.",76.0,2024-12-06,0.07,Retail,Singapore
Mixtroz,Birmingham,,2024-12-06,1.0,Other,United States
Circle,Boston,50.0,2024-12-05,0.06,Crypto,United States
Stash,New York City,88.0,2024-12-04,0.4,Finance,United States
Booking Holdings,Norwalk,60.0,2024-12-04,,Travel,United States
Skai,"Tel Aviv, Non-U.S.",80.0,2024-12-03,0.14,Marketing,Israel
Lightspeed Commerce,"Montreal, Non-U.S.",200.0,2024-12-02,,Retail,Canada
Kobo360,"Lagos, Non-U.S.",30.0,2024-11-30,,Logistics,Nigeria
Klub,"Bengaluru, Non-U.S.",60.0,2024-11-29,,Finance,India
SolarEdge,"Tel Aviv, Non-U.S.",500.0,2024-11-27,0.12,Energy,Israel
AlphaSense,New York City,150.0,2024-11-27,0.08,Other,United States
Ola Electric,"Bengaluru, Non-U.S.",500.0,2024-11-22,,Transportation,India
Adjust,"Berlin, Non-U.S.",304.0,2024-11-22,,Marketing,Germany
LinkedIn,SF Bay Area,202.0,2024-11-21,0.01,Recruiting,United States
Headspace,Los Angeles,,2024-11-20,0.13,Healthcare,United States
TrueLayer,"London, Non-U.S.",71.0,2024-11-15,0.25,Finance,United Kingdom
Better Collective,"Copenhagen, Non-U.S.",300.0,2024-11-14,,Other,Denmark
Kuku FM,"Mumbai, Non-U.S.",80.0,2024-11-14,,Media,India
AMD,SF Bay Area,1000.0,2024-11-13,0.04,Hardware,United States
AppLovin,SF Bay Area,120.0,2024-11-13,,Marketing,United States
Chegg,SF Bay Area,319.0,2024-11-12,0.21,Education,United States
Forward,SF Bay Area,200.0,2024-11-12,1.0,Healthcare,United States
Lyra Health,SF Bay Area,77.0,2024-11-12,0.02,Healthcare,United States
Stoa,"Bengaluru, Non-U.S.",,2024-11-12,1.0,Education,India
Enphase Energy,SF Bay Area,500.0,2024-11-11,0.17,Energy,United States
23andMe,SF Bay Area,200.0,2024-11-11,0.4,Healthcare,United States
Sword Health,New York City,13.0,2024-11-11,,Healthcare,United States
Monarch Tractor,SF Bay Area,35.0,2024-11-08,0.1,Other,United States
Exosonic,Los Angeles,,2024-11-08,1.0,Aerospace,United States
Freshworks,SF Bay Area,660.0,2024-11-07,0.13,Support,United States
Just Eat,"Amsterdam, Non-U.S.",300.0,2024-11-07,0.02,Food,Netherlands
Opendoor,SF Bay Area,300.0,2024-11-07,0.17,Real Estate,United States
Akamai,Boston,250.0,2024-11-07,0.02,Security,United States
ShareFile,Raleigh,199.0,2024-11-07,,Other,United States
Personio,"Munich, Non-U.S.",115.0,2024-11-07,0.06,HR,Germany
iRobot,Boston,105.0,2024-11-06,0.16,Consumer,United States
Outreach,Seattle,67.0,2024-11-06,0.09,Sales,United States
Mozilla Foundation,SF Bay Area,,2024-11-05,0.3,Consumer,United States
Incredibuild,"Tel Aviv, Non-U.S.",18.0,2024-11-04,0.11,Product,Israel
Atera,"Tel Aviv, Non-U.S.",20.0,2024-11-03,0.06,Other,Israel
Maven Clinic,New York City,60.0,2024-11-01,0.1,Healthcare,United States
Bowery Farming,New York City,,2024-11-01,1.0,Food,United States
Dropbox,SF Bay Area,527.0,2024-10-30,0.2,Other,United States
Kraken,SF Bay Area,400.0,2024-10-30,0.15,Crypto,United States
Miro,SF Bay Area,275.0,2024-10-30,0.18,Other,United States
ConsenSys,New York City,163.0,2024-10-29,0.2,Crypto,United States
F5,Seattle,100.0,2024-10-29,0.02,Security,United States
Docker,SF Bay Area,,2024-10-29,0.1,Infrastructure,United States
dYdX,SF Bay Area,,2024-10-29,0.35,Crypto,United States
Coursera,SF Bay Area,150.0,2024-10-25,0.1,Education,United States
Kyte,SF Bay Area,,2024-10-25,0.4,Transportation,United States
Catena Media,"Sliema, Non-U.S.",29.0,2024-10-23,,Marketing,Malta
Upwork,SF Bay Area,,2024-10-23,0.21,Other,United States
Venminder,Louisville,100.0,2024-10-21,,Security,United States
Jellysmack,New York City,22.0,2024-10-21,,Media,France
CapWay,Atlanta,,2024-10-17,1.0,Finance,United States
Gigamon,SF Bay Area,69.0,2024-10-15,,Data,United States
AppLovin,SF Bay Area,58.0,2024-10-15,,Marketing,United States
Fable,New York City,,2024-10-15,1.0,Product,United States
Bytedance,"Jakarta, Non-U.S.",500.0,2024-10-11,,Consumer,Indonesia
Nikola,Phoenix,130.0,2024-10-11,0.15,Transportation,United States
Toplyne,"Bengaluru, Non-U.S.",,2024-10-11,1.0,Sales,India
CareerBuilder + Monster,Chicago,200.0,2024-10-10,0.15,Recruiting,United States
GoWild,Louisville,,2024-10-10,1.0,Retail,United States
Grabango,SF Bay Area,,2024-10-09,1.0,Food,United States
BeepKart,"Bengaluru, Non-U.S.",130.0,2024-10-08,0.4,Retail,India
Zapp,"London, Non-U.S.",,2024-10-08,0.9,Food,United Kingdom
Eaze,SF Bay Area,500.0,2024-10-07,1.0,Consumer,United States
PubMatic,SF Bay Area,12.0,2024-10-07,0.01,Marketing,United States
Zapata Computing,Boston,,2024-10-07,1.0,Other,United States
AppLovin,SF Bay Area,65.0,2024-10-03,,Marketing,United States
Tome,SF Bay Area,12.0,2024-10-02,0.31,Sales,United States
Alma,New York City,,2024-10-02,0.09,Healthcare,United States
Flexport,SF Bay Area,,2024-10-02,0.02,Logistics,United States
ABBYY,Nicosia,200.0,2024-10-01,,Data,Cyprus
FreshBooks,"Toronto, Non-U.S.",140.0,2024-10-01,,Finance,Canada
Vendease,"Lagos, Non-U.S.",68.0,2024-09-30,0.2,Food,Nigeria
Marin Software,SF Bay Area,27.0,2024-09-30,0.26,Marketing,United States
Shein,"Singapore, Non-U.S.",17.0,2024-09-30,,Retail,Singapore
DoubleCloud,"Dubai, Non-U.S.",,2024-09-30,1.0,Infrastructure,UAE
Greenikk,"Trivandrum, Non-U.S.",,2024-09-30,1.0,Food,India
Drata,San Diego,40.0,2024-09-26,0.09,Security,United States
Moov,Cedar Falls,50.0,2024-09-25,,Finance,United States
FreightWaves,Chattanooga,16.0,2024-09-24,,Logistics,United States
Northvolt,"Stockholm, Non-U.S.",1600.0,2024-09-23,0.2,Energy,Sweden
Olo,New York City,,2024-09-23,0.09,Food,United States
Healthy.io,"Tel Aviv, Non-U.S.",40.0,2024-09-22,0.3,Healthcare,Israel
Reverb,Chicago,40.0,2024-09-20,,Retail,United States
Luminar,Orlando,,2024-09-20,0.15,Transportation,United States
Notable Labs,SF Bay Area,,2024-09-20,0.65,Healthcare,United States
CarTrawler,"Dublin, Non-U.S.",40.0,2024-09-19,0.1,Transportation,Ireland
ApplyBoard,"Waterloo, Non-U.S.",,2024-09-19,0.04,Education,Canada
Spendesk,"Paris, Non-U.S.",151.0,2024-09-18,,Finance,France
Aakash,"New Delhi, Non-U.S.",80.0,2024-09-18,,Education,India
Runtastic,"Linz, Non-U.S.",170.0,2024-09-16,,Fitness,Austria
Microsoft,Seattle,650.0,2024-09-12,,Other,United States
Amperity,Seattle,,2024-09-12,0.13,Marketing,United States
Udemy,SF Bay Area,280.0,2024-09-11,,Education,United States
Mobileye,"Jerusalem, Non-U.S.",100.0,2024-09-09,,Transportation,Israel
InsurStaq.ai,"New Delhi, Non-U.S.",,2024-09-09,1.0,AI,India
Nori,Seattle,,2024-09-09,1.0,Energy,United States
WeTransfer,"Amsterdam, Non-U.S.",260.0,2024-09-08,0.75,Other,Netherlands
Center,Seattle,8.0,2024-09-07,0.04,Finance,United States
Goop,Los Angeles,39.0,2024-09-06,0.18,Retail,United States
Motif Foodworks,Boston,,2024-09-06,1.0,Food,United States
ChargePoint,SF Bay Area,250.0,2024-09-04,0.15,Manufacturing,United States
Fly.io,Chicago,40.0,2024-09-04,,Infrastructure,United States
Lyft,SF Bay Area,30.0,2024-09-04,0.01,Transportation,United States
Matter Labs,"Berlin, Non-U.S.",,2024-09-03,0.16,Crypto,Germany
Dozee,"Bengaluru, Non-U.S.",40.0,2024-09-02,,Healthcare,India
Dunzo,"Bengaluru, Non-U.S.",150.0,2024-08-31,0.75,Food,India
Character.ai,SF Bay Area,6.0,2024-08-29,0.05,AI,United States
Brave,SF Bay Area,27.0,2024-08-28,0.14,Consumer,United States
Apple,SF Bay Area,100.0,2024-08-27,,Hardware,United States
IBM,"Beijing, Non-U.S.",1000.0,2024-08-26,,Hardware,China
Tome Biosciences,Boston,131.0,2024-08-26,1.0,Healthcare,United States
Velo3D,SF Bay Area,42.0,2024-08-26,,Manufacturing,United States
Kenko Health,"Mumbai, Non-U.S.",,2024-08-23,1.0,Healthcare,India
Received,New York City,,2024-08-23,1.0,Finance,United States
Redfin,Seattle,82.0,2024-08-22,0.02,Real Estate,United States
Kaiyo,New York City,,2024-08-21,1.0,Retail,United States
Skip the Dishes,"Winnipeg, Non-U.S.",800.0,2024-08-20,,Food,Canada
Five9,SF Bay Area,190.0,2024-08-20,0.07,Support,United States
ReshaMandi,"Bengaluru, Non-U.S.",,2024-08-20,1.0,Food,India
GoPro,SF Bay Area,139.0,2024-08-19,0.15,Consumer,United States
Paper,"Montreal, Non-U.S.",81.0,2024-08-16,0.45,Education,Canada
Retention.com,Austin,15.0,2024-08-16,,Marketing,United States
Regrow Ag,Durham,,2024-08-16,0.19,Food,United States
AppLovin,SF Bay Area,61.0,2024-08-15,,Marketing,United States
Inuitive,"Ra'anana, Non-U.S.",16.0,2024-08-15,0.2,Manufacturing,Israel
Mister Spex,"Berlin, Non-U.S.",,2024-08-15,0.1,Retail,Germany
Sampler,"Toronto, Non-U.S.",,2024-08-15,1.0,Retail,Canada
Sonos,Santa Barbara,100.0,2024-08-14,0.06,Consumer,United States
Grail,SF Bay Area,350.0,2024-08-13,,Healthcare,United States
DayTwo,SF Bay Area,,2024-08-13,1.0,Healthcare,United States
Quizac,"Lagos, Non-U.S.",,2024-08-13,1.0,Education,Nigeria
Tally,SF Bay Area,,2024-08-12,1.0,Finance,United States
Cisco,SF Bay Area,5600.0,2024-08-09,0.07,Infrastructure,United States
Branch.io,SF Bay Area,100.0,2024-08-09,,Marketing,United States
iCIMS,Holmdel,69.0,2024-08-09,,Recruiting,United States
Submittable,Missoula,40.0,2024-08-08,,Other,United States
Fastly,SF Bay Area,,2024-08-08,0.11,Infrastructure,United States
Eventbrite,SF Bay Area,100.0,2024-08-07,0.11,Consumer,United States
LegalZoom,Los Angeles,,2024-08-07,0.15,Legal,United States
Axios Media,Washington D.C.,50.0,2024-08-06,0.1,Media,United States
Mobius Motors,"Nairobi, Non-U.S.",,2024-08-06,1.0,Transportation,Kenya
Teradata,San Diego,,2024-08-06,0.13,Data,United States
Infineon,"Munich, Non-U.S.",1400.0,2024-08-05,,Manufacturing,Germany
Jam City,Los Angeles,85.0,2024-08-05,0.1,Consumer,United States
ShareChat,"Bengaluru, Non-U.S.",30.0,2024-08-03,0.05,Marketing,India
Intel,SF Bay Area,15000.0,2024-08-01,0.15,Hardware,United States
Avaya,Durham,180.0,2024-08-01,0.03,Other,United States
Bungie,Seattle,220.0,2024-07-31,0.17,Consumer,United States
Delivery Hero,"Berlin, Non-U.S.",200.0,2024-07-31,,Food,Germany
Match Group,New York City,,2024-07-31,0.06,Consumer,United States
NerdWallet,SF Bay Area,,2024-07-30,0.15,Finance,United States
Moxion Power,SF Bay Area,248.0,2024-07-29,1.0,Energy,United States
Pocket FM,"Bengaluru, Non-U.S.",200.0,2024-07-27,,Media,India
WayCool,"Chennai, Non-U.S.",200.0,2024-07-26,,Food,India
Webflow,SF Bay Area,,2024-07-25,0.08,Marketing,United States
Humble Games,SF Bay Area,36.0,2024-07-23,1.0,Media,United States
Cohere,"Toronto, Non-U.S.",20.0,2024-07-23,0.05,AI,Canada
Bluelearn,"Bengaluru, Non-U.S.",,2024-07-22,1.0,Education,India
Magic Leap,Miami,75.0,2024-07-19,,Consumer,United States
Mercari U.S.,SF Bay Area,,2024-07-19,0.5,Retail,United States
Aqua Security,Boston,50.0,2024-07-17,0.1,Security,United States
EverC,"Tel Aviv, Non-U.S.",16.0,2024-07-17,0.1,Security,Israel
ON,SF Bay Area,60.0,2024-07-16,1.0,Retail,United States
SolarEdge,"Tel Aviv, Non-U.S.",400.0,2024-07-15,,Energy,Israel
Salesforce,SF Bay Area,300.0,2024-07-15,,Sales,United States
Spotify,"Stockholm, Non-U.S.",40.0,2024-07-15,,Media,Sweden
SadaPay,"Islamabad, Non-U.S.",,2024-07-12,0.3,Finance,Pakistan
Intuit,SF Bay Area,1800.0,2024-07-10,0.1,Finance,United States
Redbox,Chicago,1000.0,2024-07-10,1.0,Media,United States
CyberProof,Los Angeles,,2024-07-10,0.07,Security,United States
UIPath,New York City,420.0,2024-07-09,0.1,Other,United States
UKG,Boston,2200.0,2024-07-03,0.14,HR,United States
OpenText,"Waterloo, Non-U.S.",1200.0,2024-07-03,0.02,Data,Canada
Unacademy,"Bengaluru, Non-U.S.",250.0,2024-07-02,,Education,India
Koo,"Bengaluru, Non-U.S.",,2024-07-02,1.0,Consumer,India
Lightricks,"Jerusalem, Non-U.S.",70.0,2024-07-01,0.12,Consumer,Israel
Upside Foods,SF Bay Area,26.0,2024-07-01,,Food,United States
Sightful,"Tel Aviv, Non-U.S.",20.0,2024-07-01,0.33,Hardware,Israel
Ninja Van,"Singapore, Non-U.S.",,2024-07-01,0.05,Transportation,Singapore
Priceline,Norwalk,103.0,2024-06-28,0.07,Travel,United States
RealPage,Dallas,260.0,2024-06-27,0.04,Real Estate,United States
Planet,SF Bay Area,180.0,2024-06-26,0.17,Aerospace,United States
Moxion Power,SF Bay Area,101.0,2024-06-26,,Energy,United States
Perion,"Tel Aviv, Non-U.S.",35.0,2024-06-25,0.05,Marketing,Israel
Flutterwave,"Lagos, Non-U.S.",30.0,2024-06-24,0.03,Finance,Nigeria
Ginkgo Bioworks,Boston,400.0,2024-06-20,0.35,Healthcare,United States
ReshaMandi,"Bengaluru, Non-U.S.",,2024-06-20,0.8,Food,India
Emma Sleep,"Frankfurt, Non-U.S.",200.0,2024-06-19,0.18,Retail,Germany
Moovit,"Tel Aviv, Non-U.S.",20.0,2024-06-19,0.1,Transportation,Israel
Wex,Portland,375.0,2024-06-18,0.05,Finance,United States
PayPal,SF Bay Area,85.0,2024-06-18,,Finance,United States
Rapyd,"Tel Aviv, Non-U.S.",30.0,2024-06-18,,Finance,Israel
C2FO,Kansas City,16.0,2024-06-18,,Finance,United States
Fisker,Los Angeles,,2024-06-18,1.0,Transportation,United States
Chegg,SF Bay Area,441.0,2024-06-17,0.23,Education,United States
Stackpath,Dallas,,2024-06-17,1.0,Infrastructure,United States
Unit,New York City,,2024-06-17,0.15,Finance,United States
LOOP,Austin,23.0,2024-06-16,0.77,Finance,United States
Care/of,New York City,143.0,2024-06-15,1.0,Healthcare,United States
Running Tide,Portland,,2024-06-15,1.0,Energy,United States
Satellogic,"Montevideo, Non-U.S.",70.0,2024-06-14,0.3,Aerospace,Uruguay
Cypress.io,Atlanta,11.0,2024-06-14,,Product,United States
Bytedance,"Jakarta, Non-U.S.",450.0,2024-06-12,,Consumer,Indonesia
Paxos,New York City,65.0,2024-06-12,0.2,Crypto,United States
SCiFi Foods,SF Bay Area,,2024-06-12,1.0,Food,United States
VRChat,SF Bay Area,,2024-06-12,0.3,Consumer,United States
Ladenzeile,"Berlin, Non-U.S.",,2024-06-11,1.0,Retail,Germany
Paytm,"Noida, Non-U.S.",3500.0,2024-06-10,,Finance,India
Kissflow,"Chennai, Non-U.S.",45.0,2024-06-10,0.11,Other,India
Copia,"Nairobi, Non-U.S.",1060.0,2024-06-06,,Retail,Kenya
Revel,New York City,1000.0,2024-06-06,,Transportation,United States
Simpl,"Bengaluru, Non-U.S.",30.0,2024-06-06,,Finance,India
Oda,"Oslo, Non-U.S.",150.0,2024-06-05,,Food,Norway
Pagaya,"Tel Aviv, Non-U.S.",100.0,2024-06-05,0.2,Finance,Israel
Aleph Farms,"Tel Aviv, Non-U.S.",30.0,2024-06-05,0.3,Food,Israel
MoonPay,Dover,30.0,2024-06-05,0.1,Crypto,United States
Yext,New York City,,2024-06-05,0.12,Marketing,United States
Microsoft,Seattle,1000.0,2024-06-03,,Other,United States
OrCam,"Jerusalem, Non-U.S.",100.0,2024-06-03,0.5,Healthcare,Israel
Google,SF Bay Area,100.0,2024-05-31,,Consumer,United States
Tropic,New York City,40.0,2024-05-31,,Finance,United States
Gro Intelligence,New York City,,2024-05-31,0.1,Food,United States
FlightStats,Portland,73.0,2024-05-30,,Travel,United States
ICANN,Los Angeles,33.0,2024-05-30,0.07,Infrastructure,United States
Walnut,New York City,15.0,2024-05-29,0.2,Sales,United States
Glovo,"Madrid, Non-U.S.",22.0,2024-05-25,,Food,Spain
Lucid Motors,SF Bay Area,400.0,2024-05-24,0.06,Transportation,United States
Satellogic,"Montevideo, Non-U.S.",34.0,2024-05-24,0.13,Aerospace,Uruguay
Foursquare,New York City,105.0,2024-05-23,0.25,Marketing,United States
Guild,Denver,300.0,2024-05-22,0.25,Education,United States
Cue Health,San Diego,180.0,2024-05-22,1.0,Healthcare,United States
Silo,SF Bay Area,,2024-05-22,0.3,Food,United States
TikTok,Los Angeles,1000.0,2024-05-21,,Consumer,United States
Joonko,New York City,,2024-05-19,1.0,HR,United States
Toshiba,"Tokyo, Non-U.S.",4000.0,2024-05-16,,Manufacturing,Japan
Wefox,"Berlin, Non-U.S.",60.0,2024-05-16,,Finance,Germany
Replit,SF Bay Area,30.0,2024-05-16,0.2,Product,United States
Gopuff,Philadelphia,,2024-05-16,0.06,Food,United States
Karhoo,"London, Non-U.S.",,2024-05-16,1.0,Transportation,United Kingdom
SeekOut,Seattle,,2024-05-16,0.3,Recruiting,United States
Atmosphere,Austin,100.0,2024-05-15,,Other,United States
Singularity 6,Los Angeles,36.0,2024-05-15,,Other,United States
Mainvest,Boston,,2024-05-14,1.0,Finance,United States
Indeed,Austin,1000.0,2024-05-13,0.08,HR,United States
Motional,Pittsburgh,550.0,2024-05-10,0.4,Transportation,United States
Rivian,Los Angeles,120.0,2024-05-10,,Transportation,United States
Google,SF Bay Area,57.0,2024-05-10,,Consumer,United States
Vacasa,Portland,800.0,2024-05-09,0.13,Travel,United States
Sight Diagnostics,"Tel Aviv, Non-U.S.",40.0,2024-05-09,0.3,Healthcare,Israel
PrepLadder,"New Delhi, Non-U.S.",145.0,2024-05-08,0.25,Education,India
Simpl,"Bengaluru, Non-U.S.",100.0,2024-05-08,0.15,Finance,India
Arkane Studios,Austin,96.0,2024-05-08,1.0,Consumer,United States
Brilliant,SF Bay Area,,2024-05-08,1.0,Hardware,United States
Kinaxis,"Ottawa, Non-U.S.",,2024-05-08,0.06,Other,Canada
Enovix,SF Bay Area,170.0,2024-05-06,0.33,Energy,United States
Cue Health,San Diego,230.0,2024-05-03,0.49,Healthcare,United States
Rivian,Los Angeles,150.0,2024-05-03,0.01,Transportation,United States
Luminar,Orlando,140.0,2024-05-03,0.2,Transportation,United States
Sprinklr,New York City,116.0,2024-05-03,0.03,Support,United States
Bakkt,Atlanta,28.0,2024-05-03,,Crypto,United States
Peloton,New York City,400.0,2024-05-02,0.15,Fitness,United States
Cabify,"Madrid, Non-U.S.",29.0,2024-05-02,,Transportation,Spain
Google,SF Bay Area,200.0,2024-05-01,,Consumer,United States
Assurance,Seattle,112.0,2024-05-01,1.0,Finance,United States
Sproutt,Hartford,,2024-05-01,1.0,Finance,United States
Tesla,Austin,500.0,2024-04-30,,Transportation,United States
RiseUp,"Tel Aviv, Non-U.S.",50.0,2024-04-30,0.5,Finance,Israel
Akili Interactive,Boston,,2024-04-30,0.46,Healthcare,United States
Getir,"London, Non-U.S.",3300.0,2024-04-29,,Food,United Kingdom
Ola,"Bengaluru, Non-U.S.",180.0,2024-04-29,0.1,Transportation,India
Ninja Van,"Singapore, Non-U.S.",21.0,2024-04-29,0.1,Transportation,Singapore
ComplYant,Los Angeles,,2024-04-29,1.0,Finance,United States
HealthifyMe,"Bengaluru, Non-U.S.",150.0,2024-04-27,0.27,Healthcare,India
True Anomaly,Denver,30.0,2024-04-25,0.25,Aerospace,United States
Freenome,SF Bay Area,100.0,2024-04-23,0.2,Healthcare,United States
Heureka Group,"Prague, Non-U.S.",100.0,2024-04-23,0.16,Retail,Czech Republic
OutSystems,Boston,150.0,2024-04-19,0.08,Product,United States
The Good Glamm Group,"New Delhi, Non-U.S.",150.0,2024-04-18,0.15,Retail,India
Showpad,"Ghent, Non-U.S.",50.0,2024-04-18,0.1,Marketing,Belgium
Stability AI,"London, Non-U.S.",20.0,2024-04-18,,AI,United Kingdom
Pax8,Denver,,2024-04-18,0.05,Infrastructure,United States
Rivian,Detroit,,2024-04-17,0.01,Transportation,United States
Take-Two,New York City,579.0,2024-04-16,0.05,Consumer,United States
Tome,SF Bay Area,12.0,2024-04-16,0.25,AI,United States
Tesla,Austin,14000.0,2024-04-15,0.1,Transportation,United States
Criteo,"Paris, Non-U.S.",140.0,2024-04-12,0.04,Marketing,France
Glovo,"Barcelona, Non-U.S.",25.0,2024-04-12,,Food,Spain
TikTok,"Dublin, Non-U.S.",250.0,2024-04-11,,Consumer,Ireland
Fabric,New York City,30.0,2024-04-11,0.15,Logistics,United States
Hinge Health,SF Bay Area,,2024-04-11,0.1,Healthcare,United States
Zoe,"London, Non-U.S.",,2024-04-11,0.2,Healthcare,United Kingdom
Cornershop,"Santiago, Non-U.S.",200.0,2024-04-10,,Food,Chile
Scaler,"Bengaluru, Non-U.S.",150.0,2024-04-10,,Education,India
Checkr,SF Bay Area,382.0,2024-04-09,0.32,HR,United States
Intel,SF Bay Area,62.0,2024-04-09,,Hardware,United States
Trendsales,"Copenhagen, Non-U.S.",79.0,2024-04-08,1.0,Retail,Denmark
Singularity 6,Los Angeles,49.0,2024-04-08,0.35,Other,United States
Fission,"Vancouver, Non-U.S.",,2024-04-07,1.0,Other,Canada
Bolt.Earth,"Bengaluru, Non-U.S.",70.0,2024-04-06,0.4,Energy,India
Apple,SF Bay Area,614.0,2024-04-04,,Hardware,United States
Lightspeed Commerce,"Montreal, Non-U.S.",280.0,2024-04-03,,Retail,Canada
Ghost Autonomy,SF Bay Area,100.0,2024-04-03,1.0,Transportation,United States
Vivian Health,SF Bay Area,13.0,2024-04-03,,Healthcare,United States
Yummly,SF Bay Area,,2024-04-03,1.0,Food,United States
Byju's,"Bengaluru, Non-U.S.",500.0,2024-04-02,0.03,Education,India
Thepeer,"Lagos, Non-U.S.",,2024-04-02,1.0,Finance,Nigeria
Osso VR,SF Bay Area,67.0,2024-04-01,,Healthcare,United States
Identiq,"Tel Aviv, Non-U.S.",20.0,2024-04-01,0.44,Security,Israel
Ranger Insurance,New York City,,2024-04-01,1.0,Finance,United States
Rezi,New York City,,2024-04-01,1.0,Real Estate,United States
ChowNow,Los Angeles,60.0,2024-03-28,0.2,Food,United States
Synctera,SF Bay Area,17.0,2024-03-26,0.15,Finance,United States
GoPro,SF Bay Area,,2024-03-26,0.04,Consumer,United States
Dell,Austin,6000.0,2024-03-25,0.05,Hardware,United States
ShopBack,"Singapore, Non-U.S.",195.0,2024-03-19,0.24,Retail,Singapore
Orbotech,"Yavne, Non-U.S.",100.0,2024-03-19,,Manufacturing,Israel
Airmeet,"Bengaluru, Non-U.S.",,2024-03-19,0.2,Marketing,India
Singular Genomics,San Diego,,2024-03-19,0.2,Healthcare,United States
Longi,"Xi'an, Non-U.S.",,2024-03-18,0.05,Energy,China
Flock Freight,San Diego,54.0,2024-03-16,,Logistics,United States
Chipper Cash,SF Bay Area,20.0,2024-03-15,,Finance,United States
Blueboard,SF Bay Area,,2024-03-15,1.0,HR,United States
Ancestry,Lehi,81.0,2024-03-14,0.06,Consumer,United States
Textio,Seattle,14.0,2024-03-14,0.16,Recruiting,United States
Stash,New York City,80.0,2024-03-13,0.25,Finance,United States
Phantom Auto,SF Bay Area,100.0,2024-03-12,1.0,Transportation,United States
Deadspin,New York City,11.0,2024-03-11,1.0,Media,United States
Niche,Pittsburgh,24.0,2024-03-08,0.07,Education,United States
Inscribe,SF Bay Area,,2024-03-08,0.4,Finance,United States
Turnitin,SF Bay Area,15.0,2024-03-07,0.02,Education,United States
Sorare,New York City,22.0,2024-03-06,0.13,Crypto,United States
MessageBird,"Amsterdam, Non-U.S.",90.0,2024-03-05,0.2,Other,Netherlands
Edgio,Phoenix,80.0,2024-03-04,0.1,Infrastructure,United States
Melio,New York City,40.0,2024-03-04,0.07,Finance,United States
Our Next Energy,Detroit,40.0,2024-03-04,0.13,Transportation,United States
Project Ronin,SF Bay Area,150.0,2024-03-01,1.0,Healthcare,United States
Pristyn Care,"Gurugram, Non-U.S.",120.0,2024-03-01,0.07,Healthcare,India
Gro Intelligence,New York City,90.0,2024-03-01,0.6,Food,United States
Fisker,Los Angeles,,2024-02-29,0.15,Transportation,United States
Kevin,"Vilnius, Non-U.S.",,2024-02-29,0.14,Finance,Lithuania
Electronic Arts,SF Bay Area,670.0,2024-02-28,0.05,Consumer,United States
Vacasa,Portland,320.0,2024-02-28,0.05,Travel,United States
OrCam,"Jerusalem, Non-U.S.",50.0,2024-02-28,0.19,Healthcare,Israel
Treasury Prime,SF Bay Area,40.0,2024-02-28,0.4,Finance,United States
Motional,Boston,,2024-02-28,0.05,Transportation,United States
Sony Interactive,SF Bay Area,900.0,2024-02-27,0.08,Consumer,United States
Bumble,Austin,350.0,2024-02-27,0.3,Consumer,United States
PropertyGuru,"Singapore, Non-U.S.",79.0,2024-02-27,,Real Estate,Singapore
Expedia,Seattle,1500.0,2024-02-26,0.08,Travel,United States
WayCool,"Chennai, Non-U.S.",70.0,2024-02-26,,Food,India
Redesign Health,New York City,77.0,2024-02-23,,Healthcare,United States
Carbon Health,SF Bay Area,56.0,2024-02-23,,Healthcare,United States
Affirm,Pittsburgh,60.0,2024-02-21,,Finance,United States
Finder,"Sydney, Non-U.S.",60.0,2024-02-21,0.17,Retail,Australia
BuzzFeed,New York City,,2024-02-21,0.16,Media,United States
Rivian,Detroit,,2024-02-21,0.1,Transportation,United States
Aptiv,"Krakow, Non-U.S.",250.0,2024-02-20,,Transportation,Poland
Tails.com,"London, Non-U.S.",55.0,2024-02-20,0.25,Retail,United Kingdom
KnownOrigin,"Manchester, Non-U.S.",,2024-02-20,0.3,Crypto,United Kingdom
Meati,Boulder,,2024-02-20,0.3,Food,United States
Farfetch,"London, Non-U.S.",2000.0,2024-02-16,0.25,Retail,United Kingdom
Voi,"Stockholm, Non-U.S.",120.0,2024-02-16,0.12,Transportation,Sweden
Toast,Boston,550.0,2024-02-15,0.1,Food,United States
Sonder,SF Bay Area,106.0,2024-02-15,0.17,Travel,United States
LinkSquares,Boston,90.0,2024-02-15,,Legal,United States
Storytel,"Stockholm, Non-U.S.",80.0,2024-02-15,0.13,Consumer,Sweden
Gro Intelligence,New York City,20.0,2024-02-15,0.1,Food,United States
CodeSee,SF Bay Area,,2024-02-15,1.0,Data,United States
May Mobility,Ann Arbor,,2024-02-15,0.13,Transportation,United States
Cisco,SF Bay Area,4250.0,2024-02-14,0.05,Infrastructure,United States
Wint Wealth,"Nashik, Non-U.S.",19.0,2024-02-14,0.2,Finance,India
Away,New York City,,2024-02-14,0.25,Retail,United States
Instacart,SF Bay Area,250.0,2024-02-13,0.07,Food,United States
Redesign Health,New York City,77.0,2024-02-13,,Healthcare,United States
Mozilla,SF Bay Area,60.0,2024-02-13,0.05,Consumer,United States
Impinj,Seattle,50.0,2024-02-13,0.1,Other,United States
Riskified,New York City,40.0,2024-02-13,0.06,Retail,United States
Everybuddy,"Tel Aviv, Non-U.S.",,2024-02-13,1.0,Consumer,Israel
Wisense,"Tel Aviv, Non-U.S.",,2024-02-13,1.0,Transportation,Israel
SiriusXM,New York City,160.0,2024-02-12,0.03,Media,United States
Licious,"Bengaluru, Non-U.S.",80.0,2024-02-09,0.03,Food,India
BlissClub,"Bengaluru, Non-U.S.",21.0,2024-02-09,0.18,Retail,India
Pure Storage,SF Bay Area,275.0,2024-02-08,,Data,United States
Otovo,"Oslo, Non-U.S.",65.0,2024-02-08,0.15,Energy,Norway
Getaround,SF Bay Area,,2024-02-08,0.3,Transportation,United States
Journera,Chicago,,2024-02-08,1.0,Travel,United States
Grammarly,SF Bay Area,230.0,2024-02-07,,Consumer,United States
Fireblocks,New York City,20.0,2024-02-07,0.03,Crypto,United States
Tenable,Baltimore,,2024-02-07,0.05,Security,United States
Workfellow,"Espoo, Non-U.S.",,2024-02-07,1.0,HR,Finland
DocuSign,SF Bay Area,440.0,2024-02-06,0.06,Sales,United States
Amazon,Seattle,400.0,2024-02-06,,Retail,United States
Snap,Los Angeles,500.0,2024-02-05,0.1,Consumer,United States
Drizly,Boston,168.0,2024-02-05,1.0,Retail,United States
BillGO,Fort Collins,80.0,2024-02-05,,Finance,United States
Impact.com,Los Angeles,40.0,2024-02-05,0.03,Sales,United States
Astrate Medical,Philadelphia,,2024-02-05,1.0,Healthcare,United States
Muvin,"Bengaluru, Non-U.S.",,2024-02-05,1.0,Finance,India
Cue Health,San Diego,245.0,2024-02-02,0.3,Healthcare,United States
Top Hat,"Toronto, Non-U.S.",35.0,2024-02-02,0.07,Education,Canada
Cake Bikes,"Stockholm, Non-U.S.",,2024-02-02,1.0,Transportation,Sweden
Small Robot Company,"Salisbury, Non-U.S.",,2024-02-02,1.0,Food,United Kingdom
Twig,"London, Non-U.S.",,2024-02-02,1.0,Finance,United Kingdom
Okta,SF Bay Area,400.0,2024-02-01,0.07,Security,United States
Zoom,SF Bay Area,150.0,2024-02-01,0.02,Other,United States
Illumina,San Diego,111.0,2024-02-01,,Healthcare,United States
Polygon,"Cayman Islands, Non-U.S.",60.0,2024-02-01,0.19,Crypto,Cayman Islands
Proofpoint,SF Bay Area,280.0,2024-01-31,0.06,Security,United States
Trove Recommerce,SF Bay Area,130.0,2024-01-31,,Retail,United States
CircleCI,SF Bay Area,100.0,2024-01-31,,Product,United States
Thinx,New York City,95.0,2024-01-31,,Retail,United States
Innoviz,"Tel Aviv, Non-U.S.",60.0,2024-01-31,0.13,Transportation,Israel
The Messenger,Miami,,2024-01-31,1.0,Media,United States
Zuora,SF Bay Area,,2024-01-31,0.08,Finance,United States
PayPal,SF Bay Area,2500.0,2024-01-30,0.09,Finance,United States
Block,SF Bay Area,1000.0,2024-01-30,0.1,Finance,United States
Kiwi.com,"Brno, Non-U.S.",216.0,2024-01-30,0.18,Travel,Czech Republic
Aurora Solar,SF Bay Area,111.0,2024-01-30,0.2,Energy,United States
Wattpad,"Toronto, Non-U.S.",20.0,2024-01-30,0.1,Media,Canada
TechCrunch,SF Bay Area,7.0,2024-01-30,,Media,United States
Procore,Santa Barbara,,2024-01-30,0.04,Construction,United States
iRobot,Boston,350.0,2024-01-29,0.31,Consumer,United States
DispatchHealth,Denver,88.0,2024-01-29,,Healthcare,United States
Loopio,"Toronto, Non-U.S.",,2024-01-29,0.06,Sales,Canada
Salesforce,SF Bay Area,700.0,2024-01-26,0.01,Sales,United States
Flexport,SF Bay Area,,2024-01-26,0.2,Logistics,United States
Microsoft,Seattle,1900.0,2024-01-25,,Other,United States
Swiggy,"Bengaluru, Non-U.S.",400.0,2024-01-25,0.07,Food,India
Veho,Boulder,65.0,2024-01-25,0.19,Logistics,United States
Amperity,Seattle,20.0,2024-01-25,,Marketing,United States
MVPindex,Austin,12.0,2024-01-25,0.3,Marketing,United States
Business Insider,New York City,,2024-01-25,0.08,Media,United States
Cova,"Lagos, Non-U.S.",,2024-01-25,1.0,Finance,Nigeria
Jamf,Minneapolis,,2024-01-25,0.06,Other,United States
Cult.fit,"Bengaluru, Non-U.S.",100.0,2024-01-24,,Fitness,India
Personio,"Munich, Non-U.S.",100.0,2024-01-24,,HR,Germany
Storytel,"Stockholm, Non-U.S.",80.0,2024-01-24,0.13,Media,Sweden
Aurora,Pittsburgh,,2024-01-24,0.03,Transportation,United States
Desktop Metal,Boston,,2024-01-24,0.2,Other,United States
SAP,"Walldorf, Non-U.S.",8000.0,2024-01-23,0.07,Other,Germany
eBay,SF Bay Area,1000.0,2024-01-23,0.09,Retail,United States
Vroom,New York City,800.0,2024-01-23,0.9,Transportation,United States
Brex,SF Bay Area,282.0,2024-01-23,0.2,Finance,United States
Cure.fit,"Bengaluru, Non-U.S.",120.0,2024-01-23,,Fitness,India
GoStudent,"Vienna, Non-U.S.",100.0,2024-01-23,,Education,Austria
Jellysmack,"Paris, Non-U.S.",30.0,2024-01-23,,Media,France
GoTo,Boston,29.0,2024-01-23,,Other,United States
Seedr,"London, Non-U.S.",15.0,2024-01-23,,Finance,United Kingdom
Riot Games,Los Angeles,530.0,2024-01-22,0.11,Consumer,United States
Xendit,"Jakarta, Non-U.S.",200.0,2024-01-22,,Finance,Indonesia
TikTok,Los Angeles,60.0,2024-01-22,,Consumer,United States
SolarEdge,"Tel Aviv, Non-U.S.",900.0,2024-01-21,0.16,Energy,Israel
Wayfair,Boston,1650.0,2024-01-19,0.13,Retail,United States
Amazon,Seattle,30.0,2024-01-18,,Retail,United States
YouTube,SF Bay Area,100.0,2024-01-17,,Media,United States
Sirplus,"Berlin, Non-U.S.",60.0,2024-01-17,,Food,Germany
SonderMind,Denver,49.0,2024-01-16,0.17,Healthcare,United States
First Mode,Seattle,48.0,2024-01-16,0.2,Transportation,United States
ALI Technologies,"Tokyo, Non-U.S.",,2024-01-16,1.0,Transportation,Japan
Thursday,"London, Non-U.S.",,2024-01-16,0.7,Consumer,United Kingdom
Veeam,Columbus,300.0,2024-01-12,,Data,United States
GrabCAD,"Tallinn, Non-U.S.",13.0,2024-01-12,,Other,Estonia
Artifact,SF Bay Area,,2024-01-12,1.0,Media,United States
Dastgyr,"Karachi, Non-U.S.",,2024-01-12,0.8,Retail,Pakistan
New Work SE,"Hamburg, Non-U.S.",400.0,2024-01-11,,Consumer,Germany
Playtika,"Tel Aviv, Non-U.S.",300.0,2024-01-11,0.1,Consumer,Israel
Discord,SF Bay Area,170.0,2024-01-11,0.17,Consumer,United States
Inmobi,"Bengaluru, Non-U.S.",125.0,2024-01-11,0.05,Marketing,India
Audible,New York City,100.0,2024-01-11,0.05,Media,United States
7Shifts,"Saskatoon, Non-U.S.",68.0,2024-01-11,0.19,Food,Canada
Sisense,New York City,60.0,2024-01-11,0.13,Data,United States
Cloudflare,SF Bay Area,40.0,2024-01-11,,Security,United States
Dextrous Robotics,Memphis,,2024-01-11,1.0,Logistics,United States
Citrix,Miami,1000.0,2024-01-10,0.12,Infrastructure,United States
Google,SF Bay Area,1000.0,2024-01-10,,Consumer,United States
IAC,New York City,330.0,2024-01-10,,Consumer,United States
FreshDirect,New York City,100.0,2024-01-10,0.03,Food,United States
Beam Benefits,Columbus,74.0,2024-01-10,,Healthcare,United States
Instagram,SF Bay Area,60.0,2024-01-10,,Consumer,United States
ChargePoint,SF Bay Area,,2024-01-10,0.12,Manufacturing,United States
SoFi,SF Bay Area,,2024-01-10,0.04,Finance,United States
Twitch,SF Bay Area,500.0,2024-01-09,0.35,Consumer,United States
Branch,Columbus,85.0,2024-01-09,,Finance,United States
Nevro,SF Bay Area,63.0,2024-01-09,0.05,Healthcare,United States
FullStory,Atlanta,50.0,2024-01-09,0.1,Marketing,United States
Uber Freight,SF Bay Area,40.0,2024-01-09,,Logistics,United States
Rent the Runway,New York City,37.0,2024-01-09,0.1,Retail,United States
Treasure Financial,SF Bay Area,14.0,2024-01-09,0.6,Finance,United States
Humane,SF Bay Area,10.0,2024-01-09,0.04,Hardware,United States
Trend Micro,"Tokyo, Non-U.S.",,2024-01-09,0.02,Security,Japan
Unity,SF Bay Area,1800.0,2024-01-08,0.25,Other,United States
Flipkart,"Bengaluru, Non-U.S.",1100.0,2024-01-08,0.05,Retail,India
NuScale Power,Corvallis,154.0,2024-01-08,0.28,Energy,United States
Flexe,Seattle,99.0,2024-01-08,0.38,Logistics,United States
Pitch,"Berlin, Non-U.S.",80.0,2024-01-08,0.67,Other,Germany
BenchSci,"Toronto, Non-U.S.",70.0,2024-01-08,0.17,Healthcare,Canada
Here,Miami,,2024-01-08,1.0,Real Estate,United States
Ledger Investing,New York City,,2024-01-08,0.25,Finance,United States
MeridianLink,Los Angeles,,2024-01-08,0.09,Finance,United States
NanoString Technologies,Seattle,50.0,2024-01-06,0.09,Healthcare,United States
Cue Health,San Diego,94.0,2024-01-05,0.13,Healthcare,United States
Trigo,"Tel Aviv, Non-U.S.",30.0,2024-01-04,0.15,Retail,Israel
InVision,New York City,,2024-01-04,1.0,Product,United States
VideoAmp,Los Angeles,,2024-01-04,0.2,Marketing,United States
Xerox,Norwalk,3000.0,2024-01-03,0.15,Hardware,United States
Lazada Group ,"Singapore, Non-U.S.",100.0,2024-01-03,0.3,Retail,Singapore
Orca Security,"Tel Aviv, Non-U.S.",60.0,2024-01-03,0.15,Security,Israel
Frontdesk,Milwaukee,200.0,2024-01-02,1.0,Travel,United States
The Messenger,New York City,24.0,2024-01-02,,Media,United States
Ocado,"London, Non-U.S.",1000.0,2023-12-31,,Food,United Kingdom
Bolt.Earth,"Bengaluru, Non-U.S.",,2023-12-29,0.2,Energy,India
Strake,Boulder,,2023-12-28,1.0,Infrastructure,United States
Paytm,"Noida, Non-U.S.",1000.0,2023-12-25,,Finance,India
Intel,Sacramento,311.0,2023-12-21,,Hardware,United States
Hyperloop One,Los Angeles,,2023-12-21,1.0,Transportation,United States
ShareChat,"Bengaluru, Non-U.S.",200.0,2023-12-20,0.15,Consumer,India
InSightec,"Haifa, Non-U.S.",100.0,2023-12-19,0.2,Healthcare,Israel
Kaspien,Seattle,,2023-12-19,1.0,Retail,United States
Enphase Energy,SF Bay Area,350.0,2023-12-18,0.1,Energy,United States
Udaan,"Bengaluru, Non-U.S.",100.0,2023-12-18,0.1,Retail,India
Checkout.com,"London, Non-U.S.",80.0,2023-12-18,,Finance,United Kingdom
Arm Holdings,"Shanghai, Non-U.S.",70.0,2023-12-18,,Hardware,China
eBay,"Tel Aviv, Non-U.S.",20.0,2023-12-17,,Retail,Israel
Glowforge,Seattle,30.0,2023-12-15,,Manufacturing,United States
Cruise,SF Bay Area,900.0,2023-12-14,0.24,Transportation,United States
Solarisbank,"Berlin, Non-U.S.",20.0,2023-12-14,,Finance,Germany
Bolt,SF Bay Area,,2023-12-14,0.29,Finance,United States
Curalie,"Berlin, Non-U.S.",,2023-12-14,1.0,Healthcare,Germany
Stellar Pizza,Los Angeles,,2023-12-14,0.5,Food,United States
Invitae,SF Bay Area,235.0,2023-12-13,0.15,Healthcare,United States
Etsy,New York City,225.0,2023-12-13,0.11,Retail,United States
Analog Devices,SF Bay Area,111.0,2023-12-13,,Manufacturing,United States
ForgeRock,SF Bay Area,109.0,2023-12-13,,Other,United States
Flex,SF Bay Area,31.0,2023-12-13,,Manufacturing,United States
FourKites,Chicago,,2023-12-13,0.15,Logistics,United States
Sojern,SF Bay Area,,2023-12-13,0.2,Marketing,United States
TomTom,"Lodz, Non-U.S.",45.0,2023-12-12,,Transportation,Poland
Chipper Cash,SF Bay Area,15.0,2023-12-11,0.33,Finance,United States
SmileDirectClub,Nashville,,2023-12-09,1.0,Healthcare,United States
Sunfolding,SF Bay Area,,2023-12-09,1.0,Energy,United States
Zulily,Seattle,839.0,2023-12-08,1.0,Retail,United States
D2iQ,SF Bay Area,,2023-12-08,1.0,Infrastructure,United States
Simplilearn,"Bengaluru, Non-U.S.",200.0,2023-12-07,,Education,India
Rivian,Detroit,20.0,2023-12-07,,Transportation,United States
Navan,SF Bay Area,145.0,2023-12-06,,Travel,United States
Tidal,New York City,40.0,2023-12-06,0.1,Consumer,United States
ZestMoney,"Bengaluru, Non-U.S.",150.0,2023-12-05,1.0,Finance,India
Navan,SF Bay Area,145.0,2023-12-05,0.05,Finance,United States
Incredibuild,"Tel Aviv, Non-U.S.",40.0,2023-12-05,0.2,Product,Israel
Bill.com,SF Bay Area,,2023-12-05,0.15,Finance,United States
Course Hero,SF Bay Area,,2023-12-05,0.25,Education,United States
Pivo,"Abuja, Non-U.S.",,2023-12-05,1.0,Finance,Nigeria
Spotify,"Stockholm, Non-U.S.",1500.0,2023-12-04,0.17,Media,Sweden
TuSimple,San Diego,150.0,2023-12-04,,Transportation,United States
Meow Wolf,Santa Fe,8.0,2023-12-04,,Media,United States
DwellWell,Los Angeles,,2023-12-04,1.0,Real Estate,United States
Twilio,SF Bay Area,,2023-12-04,0.05,Other,United States
Filmic,Seattle,,2023-12-01,1.0,Other,United States
Loco,"Mumbai, Non-U.S.",40.0,2023-11-30,0.36,Consumer,India
Zepz,"London, Non-U.S.",30.0,2023-11-30,0.02,Finance,United Kingdom
Domo,Salt Lake City,,2023-11-30,0.07,Data,United States
Vox Media,Washington D.C.,,2023-11-30,0.04,Media,United States
Unity,SF Bay Area,265.0,2023-11-28,0.04,Other,United States
Dataminr,New York City,150.0,2023-11-28,0.2,AI,United States
Multiverse,"London, Non-U.S.",,2023-11-28,0.05,Education,United Kingdom
Tier Mobility,"Berlin, Non-U.S.",,2023-11-28,0.22,Transportation,Germany
VMware,SF Bay Area,2837.0,2023-11-27,,Infrastructure,United States
Bytedance,"Shanghai, Non-U.S.",1000.0,2023-11-27,,Consumer,China
Our Next Energy,Detroit,128.0,2023-11-27,0.25,Transportation,United States
Veev,SF Bay Area,,2023-11-26,1.0,Construction,United States
Anar,"Mumbai, Non-U.S.",,2023-11-25,1.0,Marketing,India
Alerzo,"Ibadan, Non-U.S.",100.0,2023-11-21,,Retail,Nigeria
McMakler,"Berlin, Non-U.S.",60.0,2023-11-21,,Real Estate,Germany
Tulip Retail,"Toronto, Non-U.S.",25.0,2023-11-21,,Retail,Canada
Jodo,"Bengaluru, Non-U.S.",100.0,2023-11-20,,Finance,India
Presto,SF Bay Area,,2023-11-20,0.17,Food,United States
Physics Wallah,"Noida, Non-U.S.",120.0,2023-11-19,0.01,Education,India
NextGen Healthcare,St. Louis,84.0,2023-11-17,,Healthcare,United States
Buildertrend,Omaha,,2023-11-17,0.16,Construction,United States
Jane,Lehi,,2023-11-17,1.0,Retail,United States
Sierra Space,Boulder,115.0,2023-11-16,,Aerospace,United States
Paystack,"Lagos, Non-U.S.",33.0,2023-11-16,,Finance,Nigeria
Beamery,"London, Non-U.S.",,2023-11-16,0.25,HR,United Kingdom
FreshBooks,"Toronto, Non-U.S.",,2023-11-15,0.06,Finance,Canada
Singular Genomics,San Diego,,2023-11-15,0.1,Healthcare,United States
Uleet,Columbus,,2023-11-15,1.0,Healthcare,United States
Chewy,Miami,200.0,2023-11-14,,Retail,United States
Sarcos,Pittsburgh,150.0,2023-11-14,,Aerospace,United States
Cake Group,"Singapore, Non-U.S.",50.0,2023-11-14,0.3,Crypto,Singapore
Amazon,Seattle,180.0,2023-11-13,,Retail,United States
TripAdvisor,Boston,125.0,2023-11-12,0.04,Travel,United States
OSlash,"Bengaluru, Non-U.S.",,2023-11-09,1.0,Other,India
Snap,Los Angeles,20.0,2023-11-08,,Consumer,United States
BigCommerce,Austin,,2023-11-08,0.07,Retail,United States
Oportun,SF Bay Area,185.0,2023-11-07,0.07,Finance,United States
Zillow,Seattle,23.0,2023-11-07,,Real Estate,United States
Nextdoor,SF Bay Area,,2023-11-07,0.25,Consumer,United States
Zeus Living,SF Bay Area,,2023-11-07,1.0,Real Estate,United States
Ava Labs,New York City,,2023-11-06,0.12,Crypto,United States
F5,Seattle,120.0,2023-11-03,0.02,Security,United States
NIO,"Shanghai, Non-U.S.",,2023-11-03,0.1,Transportation,China
OpenSea,New York City,,2023-11-03,0.5,Crypto,United States
Viasat,San Diego,800.0,2023-11-02,0.1,Other,United States
Beyond Meat,Los Angeles,65.0,2023-11-02,0.08,Food,United States
Sportradar,"St. Gallen, Non-U.S.",,2023-11-02,0.1,Data,Switzerland
Informatica,SF Bay Area,545.0,2023-11-01,0.1,Data,United States
Splunk,SF Bay Area,500.0,2023-11-01,0.07,Data,United States
Faire,SF Bay Area,250.0,2023-11-01,0.2,Retail,United States
Sana Benefits,Austin,73.0,2023-11-01,0.5,HR,United States
Olive,Columbus,,2023-10-31,1.0,Healthcare,United States
StepStone,"Berlin, Non-U.S.",215.0,2023-10-30,0.05,Recruiting,Germany
Hubilo,SF Bay Area,50.0,2023-10-30,,Other,United States
Hippo Insurance,SF Bay Area,120.0,2023-10-26,0.2,Finance,United States
Graphy,"Bengaluru, Non-U.S.",50.0,2023-10-26,0.2,Education,India
Salsify,Boston,110.0,2023-10-25,,Retail,United States
F-Secure ,"Helsinki, Non-U.S.",70.0,2023-10-25,,Security,Finland
Virgio,"Bengaluru, Non-U.S.",20.0,2023-10-25,0.33,Retail,India
Exabeam,SF Bay Area,,2023-10-25,0.2,Security,United States
Slync,Dallas,,2023-10-25,1.0,Logistics,United States
SiFive,SF Bay Area,130.0,2023-10-24,0.2,Hardware,United States
Pebble,SF Bay Area,,2023-10-24,1.0,Consumer,United States
Shipt,Birmingham,,2023-10-24,0.03,Retail,United States
Parity Technologies,"London, Non-U.S.",100.0,2023-10-23,0.3,Crypto,United Kingdom
Roblox China,"Shenzen, Non-U.S.",15.0,2023-10-23,,Consumer,China
Nomad Health,New York City,119.0,2023-10-20,0.17,Healthcare,United States
Tropic,New York City,26.0,2023-10-20,,Finance,United States
Nomad Health,New York City,,2023-10-20,0.25,Healthcare,United States
Convoy,Seattle,500.0,2023-10-19,1.0,Logistics,United States
Bullhorn,Boston,140.0,2023-10-19,0.09,Sales,United States
LegalZoom,Austin,100.0,2023-10-19,,Legal,United States
StellarAlgo,"Calgary, Non-U.S.",21.0,2023-10-19,0.28,Data,Canada
ManoMano,"Paris, Non-U.S.",230.0,2023-10-18,0.25,Retail,France
Google,SF Bay Area,40.0,2023-10-18,,Consumer,United States
WeTransfer,"Amsterdam, Non-U.S.",35.0,2023-10-18,0.1,Other,Netherlands
Plume,Denver,24.0,2023-10-18,,Healthcare,United States
Belora Paris,"Gurugram, Non-U.S.",,2023-10-18,1.0,Retail,India
Made Renovation,SF Bay Area,,2023-10-18,1.0,Construction,United States
Volta Trucks,"Stockholm, Non-U.S.",,2023-10-18,1.0,Transportation,Sweden
Expedia,Seattle,100.0,2023-10-17,,Travel,United States
LinkedIn,SF Bay Area,660.0,2023-10-16,0.03,Recruiting,United States
CityMall,"Gurugram, Non-U.S.",90.0,2023-10-16,,Retail,India
C2FO,Kansas City,80.0,2023-10-16,0.03,Finance,United States
Kayak / OpenTable,Stamford,80.0,2023-10-16,,Travel,United States
Bandcamp,SF Bay Area,58.0,2023-10-16,0.5,Other,United States
Stack Overflow,New York City,,2023-10-16,0.28,Recruiting,United States
Adda247,"Gurugram, Non-U.S.",300.0,2023-10-14,,Education,India
Flexport,SF Bay Area,,2023-10-13,0.2,Logistics,United States
Qualcomm,San Diego,1258.0,2023-10-12,0.02,Hardware,United States
Lending Club,SF Bay Area,172.0,2023-10-12,0.14,Finance,United States
MariaDB,SF Bay Area,84.0,2023-10-12,0.28,Data,United States
Deepgram,SF Bay Area,20.0,2023-10-11,0.2,AI,United States
Neon,"Sao Paulo, Non-U.S.",180.0,2023-10-10,,Finance,Brazil
Stitch Fix,Dallas,558.0,2023-10-09,,Retail,United States
Carbon Health,SF Bay Area,114.0,2023-10-09,0.05,Healthcare,United States
Blue Origin,Seattle,40.0,2023-10-09,,Aerospace,United States
Braid,SF Bay Area,,2023-10-09,1.0,Finance,United States
Product Hunt,,,2023-10-09,0.6,Consumer,United States
VTrips,Jacksonville,75.0,2023-10-07,0.09,Travel,United States
Juniper Networks,SF Bay Area,440.0,2023-10-06,0.04,Hardware,United States
InvestCloud,Los Angeles,80.0,2023-10-06,0.05,Finance,United States
Brave,SF Bay Area,,2023-10-06,0.09,Consumer,United States
Dash,New York City,,2023-10-06,1.0,Finance,United States
Shift,SF Bay Area,,2023-10-06,1.0,Transportation,United States
Enovix,SF Bay Area,185.0,2023-10-05,,Energy,United States
Bizongo,"Mumbai, Non-U.S.",50.0,2023-10-05,,Retail,India
SchoolMint,SF Bay Area,29.0,2023-10-05,0.14,Education,United States
SeekOut,Seattle,16.0,2023-10-05,0.07,Recruiting,United States
Arrival,"London, Non-U.S.",,2023-10-05,0.25,Transportation,United Kingdom
Ledger,"Paris, Non-U.S.",,2023-10-05,0.12,Crypto,France
Qualtrics,Salt Lake City,780.0,2023-10-04,0.14,Other,United States
Hopper,"Montreal, Non-U.S.",250.0,2023-10-04,0.3,Travel,Canada
Chainalysis,New York City,150.0,2023-10-02,0.15,Crypto,United States
Synapse,SF Bay Area,86.0,2023-10-02,0.4,Finance,United States
Chia Network,SF Bay Area,26.0,2023-10-02,0.37,Crypto,United States
IronNet,Washington D.C.,,2023-10-02,1.0,Security,United States
Cowbell,SF Bay Area,28.0,2023-09-29,0.12,Finance,United States
N26,"Berlin, Non-U.S.",14.0,2023-09-29,,Finance,Germany
Andgo,"Saskatoon, Non-U.S.",9.0,2023-09-29,,HR,Canada
Epic Games,Raleigh,870.0,2023-09-28,0.16,Consumer,United States
Lululemon Studio,New York City,120.0,2023-09-28,,Fitness,United States
Fit Analytics,"Berlin, Non-U.S.",,2023-09-28,1.0,Retail,Germany
Snap,Los Angeles,170.0,2023-09-27,,Consumer,United States
Fi.Money,"Bengaluru, Non-U.S.",30.0,2023-09-27,0.1,Finance,India
Dunzo,"Bengaluru, Non-U.S.",150.0,2023-09-26,0.3,Food,India
Flexe,Seattle,131.0,2023-09-26,0.33,Logistics,United States
Lucid Software,Salt Lake City,75.0,2023-09-25,0.07,Other,United States
Eat Just,SF Bay Area,40.0,2023-09-22,,Food,United States
Appsmith,SF Bay Area,35.0,2023-09-22,0.25,Infrastructure,United States
Roblox,New York City,30.0,2023-09-22,,Consumer,United States
Recast,"Edinburgh, Non-U.S.",,2023-09-22,1.0,Media,United Kingdom
DealShare,"Bengaluru, Non-U.S.",130.0,2023-09-21,,Retail,India
Merative,"Dublin, Non-U.S.",100.0,2023-09-21,,Healthcare,Ireland
Akudo,"Bengaluru, Non-U.S.",,2023-09-20,1.0,Finance,India
Outreach,Seattle,,2023-09-20,0.12,Sales,United States
Nowadays,SF Bay Area,,2023-09-18,1.0,Food,United States
Cisco,SF Bay Area,350.0,2023-09-17,,Infrastructure,United States
Hooray Foods,SF Bay Area,,2023-09-17,1.0,Food,United States
Sage Therapeutics copy,Boston,290.0,2023-09-15,,Healthcare,United States
7shifts,"Saskatoon, Non-U.S.",30.0,2023-09-15,0.07,Food,Canada
Velocity,"Bengaluru, Non-U.S.",,2023-09-15,0.14,Finance,India
Airtable,SF Bay Area,237.0,2023-09-14,0.27,Product,United States
Project44,Chicago,116.0,2023-09-14,,Logistics,United States
VideoAmp,Los Angeles,40.0,2023-09-14,0.1,Marketing,United States
R3,New York City,,2023-09-14,0.2,Crypto,United States
Google,SF Bay Area,75.0,2023-09-13,,Consumer,United States
Akili Labs,Boston,,2023-09-13,0.4,Healthcare,United States
Evolve,Denver,175.0,2023-09-12,0.2,Travel,United States
Binance.US,SF Bay Area,100.0,2023-09-12,0.33,Crypto,United States
Paper,"Montreal, Non-U.S.",87.0,2023-09-12,0.03,Education,Canada
Homeday,"Berlin, Non-U.S.",40.0,2023-09-12,0.2,Real Estate,Germany
At-Bay,SF Bay Area,27.0,2023-09-12,0.09,Security,United States
Eurora,"Tallinn, Non-U.S.",111.0,2023-09-11,,Other,Estonia
Chargebee,SF Bay Area,100.0,2023-09-11,0.1,Finance,United States
Divvy Homes,SF Bay Area,94.0,2023-09-11,,Real Estate,United States
Grabango,SF Bay Area,34.0,2023-09-11,0.4,Food,United States
ChargePoint,SF Bay Area,,2023-09-08,0.1,Manufacturing,United States
Drift,Boston,100.0,2023-09-07,0.25,Marketing,United States
Roku,SF Bay Area,360.0,2023-09-06,0.1,Media,United States
ForeScout,"Tel Aviv, Non-U.S.",40.0,2023-09-06,,Security,Israel
iSpecimen,Boston,,2023-09-06,0.2,Healthcare,United States
MaxMilhas,"Belo Horizonte, Non-U.S.",82.0,2023-09-05,0.18,Travel,Brazil
Absci,Portland,30.0,2023-09-05,0.15,Healthcare,United States
Hodinkee,New York City,24.0,2023-09-05,0.2,Retail,United States
mPharma,"Accra, Non-U.S.",150.0,2023-09-04,,Healthcare,Ghana
Xolo,"Tallinn, Non-U.S.",24.0,2023-09-04,,Finance,Estonia
Nexar,New York City,17.0,2023-09-04,0.14,Transportation,United States
Khatabook,"Bengaluru, Non-U.S.",42.0,2023-09-01,,Finance,India
Clearcover,Chicago,,2023-09-01,0.28,Finance,United States
Gated,SF Bay Area,,2023-09-01,1.0,Other,United States
Lunchtime,"Brno, Non-U.S.",,2023-09-01,1.0,Food,Czech Republic
Pegasystems,Boston,240.0,2023-08-31,0.04,HR,United States
Biofourmis,Boston,120.0,2023-08-31,,Healthcare,United States
Malwarebytes,SF Bay Area,100.0,2023-08-31,,Security,United States
Productboard,SF Bay Area,,2023-08-31,0.1,Product,United States
SkyKick,Seattle,140.0,2023-08-30,,Other,United States
Omuni,"Bengaluru, Non-U.S.",60.0,2023-08-30,0.35,Retail,India
Kenko Health,"Mumbai, Non-U.S.",50.0,2023-08-30,0.2,Healthcare,India
Huma,"London, Non-U.S.",45.0,2023-08-30,0.1,Healthcare,United Kingdom
Zeplin,SF Bay Area,37.0,2023-08-30,0.35,Product,United States
Kenko Health,"Mumbai, Non-U.S.",50.0,2023-08-29,0.2,Healthcare,India
Zebra Technologies,Chicago,700.0,2023-08-28,0.07,Manufacturing,United States
CoinSwitch,"Bengaluru, Non-U.S.",44.0,2023-08-28,,Crypto,India
Clockwork,Dallas,,2023-08-28,1.0,Crypto,United States
HackerRank,SF Bay Area,53.0,2023-08-27,,Recruiting,United States
Cuemath,"Bengaluru, Non-U.S.",100.0,2023-08-26,,Education,India
Captiv8,SF Bay Area,8.0,2023-08-24,0.03,Marketing,United States
Chingari,"Bengaluru, Non-U.S.",,2023-08-24,0.5,Media,India
Atlas,Chicago,150.0,2023-08-23,0.3,HR,United States
Veriff,"Tallinn, Non-U.S.",101.0,2023-08-23,0.21,Security,Estonia
BlackLine,Los Angeles,95.0,2023-08-23,0.05,Finance,United States
Rivos,SF Bay Area,24.0,2023-08-23,0.06,Hardware,United States
Cellulant,"Nairobi, Non-U.S.",,2023-08-23,0.2,Finance,Kenya
Getir,"London, Non-U.S.",2500.0,2023-08-22,0.11,Food,United Kingdom
CoinDCX,"Mumbai, Non-U.S.",,2023-08-22,0.12,Crypto,India
Hypefast,"Jakarta, Non-U.S.",,2023-08-22,0.3,Retail,Indonesia
Twiga,"Nairobi, Non-U.S.",283.0,2023-08-20,0.33,Food,Kenya
Spartan Poker,"Kolkata, Non-U.S.",125.0,2023-08-19,0.4,Consumer,India
Times Internet ,"Gurugram, Non-U.S.",100.0,2023-08-18,0.05,Media,India
Detectify,"Stockholm, Non-U.S.",30.0,2023-08-18,,Security,Sweden
Zylo,Indianapolis,,2023-08-18,0.1,Other,United States
Illumina,San Diego,151.0,2023-08-17,,Healthcare,United States
AppFolio,Santa Barbara,149.0,2023-08-17,0.09,Real Estate,United States
Intel,SF Bay Area,140.0,2023-08-17,,Hardware,United States
StreamElements,"Tel Aviv, Non-U.S.",60.0,2023-08-17,0.35,Media,Israel
FlexCar,Boston,20.0,2023-08-16,,Transportation,United States
SecureWorks,Atlanta,300.0,2023-08-14,0.15,Security,United States
Easee,"Sandnes, Non-U.S.",200.0,2023-08-14,0.57,Energy,Norway
Shutterfly,Minneapolis,246.0,2023-08-10,,Manufacturing,United States
SHINE Technologies,Milwaukee,59.0,2023-08-10,,Other,United States
Hike,"New Delhi, Non-U.S.",55.0,2023-08-10,,Consumer,India
Blend,SF Bay Area,150.0,2023-08-09,0.19,Finance,United States
Niantic,Los Angeles,100.0,2023-08-09,,Other,United States
Babylon Health,"London, Non-U.S.",94.0,2023-08-09,,Healthcare,United Kingdom
Dealtale,"Tel Aviv, Non-U.S.",70.0,2023-08-09,1.0,Sales,Israel
Quizy,"Gurugram, Non-U.S.",,2023-08-09,1.0,Consumer,India
StyleSeat,SF Bay Area,,2023-08-09,0.17,Consumer,United States
Thoughtworks,Chicago,579.0,2023-08-08,0.05,Other,United States
Rapid7,Boston,470.0,2023-08-08,0.18,Security,United States
MPL,"Bengaluru, Non-U.S.",350.0,2023-08-08,,Consumer,India
Doximity,SF Bay Area,100.0,2023-08-08,0.1,Healthcare,United States
23andMe,SF Bay Area,71.0,2023-08-08,0.11,Healthcare,United States
Caliva,SF Bay Area,54.0,2023-08-08,,Retail,United States
Sendy,"Nairobi, Non-U.S.",,2023-08-08,1.0,Logistics,Kenya
Verse,"Barcelona, Non-U.S.",,2023-08-07,1.0,Finance,Spain
Qomplx,Washington D.C.,60.0,2023-08-04,,AI,United States
CodeClan,"Edinburgh, Non-U.S.",57.0,2023-08-04,1.0,Education,United Kingdom
Top Hat,"Toronto, Non-U.S.",42.0,2023-08-04,0.07,Education,Canada
Astra,SF Bay Area,,2023-08-04,0.25,Aerospace,United States
Big Cabal Media,"Lagos, Non-U.S.",,2023-08-04,0.19,Media,Nigeria
Discord,SF Bay Area,37.0,2023-08-03,0.04,Consumer,United States
Bardee,"Melbourne, Non-U.S.",30.0,2023-08-03,,Food,Australia
Ayoconnect,"Jakarta, Non-U.S.",,2023-08-03,0.1,Finance,Indonesia
Spinny,"Gurugram, Non-U.S.",300.0,2023-08-02,0.05,Transportation,India
Tekion,"Bengaluru, Non-U.S.",300.0,2023-08-02,0.1,Other,India
BetterUp,SF Bay Area,100.0,2023-08-02,0.16,HR,United States
Augury,New York City,70.0,2023-08-02,0.18,Manufacturing,United States
Gem,SF Bay Area,70.0,2023-08-02,,Recruiting,United States
Gupy,"Sao Paulo, Non-U.S.",58.0,2023-08-02,0.08,HR,Brazil
Salesforce,"Dublin, Non-U.S.",50.0,2023-08-02,,Sales,Ireland
FamPay,"Bengaluru, Non-U.S.",18.0,2023-08-02,,Finance,India
Actyv.ai,"Bengaluru, Non-U.S.",,2023-08-02,0.6,Finance,India
ConnectedH,"Gurugram, Non-U.S.",,2023-08-02,1.0,Healthcare,India
HackerOne,SF Bay Area,,2023-08-02,0.12,Security,United States
Silofit,"Montreal, Non-U.S.",,2023-08-02,1.0,Fitness,Canada
Vesttoo,"Tel Aviv, Non-U.S.",150.0,2023-08-01,0.75,Finance,Israel
Planet,SF Bay Area,117.0,2023-08-01,0.1,Aerospace,United States
Paper,"Montreal, Non-U.S.",106.0,2023-08-01,0.04,Education,Canada
Archipelago,SF Bay Area,40.0,2023-08-01,0.3,Real Estate,United States
Increff,"Bengaluru, Non-U.S.",,2023-08-01,0.2,Retail,India
inDrive,SF Bay Area,,2023-08-01,0.1,Transportation,United States
Outreach ,Seattle,,2023-08-01,0.05,Sales,United States
Qoala,"Jakarta, Non-U.S.",80.0,2023-07-31,,Finance,Indonesia
Fable,"Toronto, Non-U.S.",13.0,2023-07-31,0.09,Other,Canada
Nexar,New York City,12.0,2023-07-31,,Transportation,United States
Kape Technologies,"London, Non-U.S.",200.0,2023-07-30,0.3,Security,United Kingdom
Eroad,"Auckland, Non-U.S.",200.0,2023-07-28,0.31,Transportation,New Zealand
Kape,"London, Non-U.S.",180.0,2023-07-28,,Security,United Kingdom
Milkbasket,"Gurugram, Non-U.S.",400.0,2023-07-27,0.67,Food,India
Wish,SF Bay Area,255.0,2023-07-27,0.34,Retail,United States
Point,SF Bay Area,61.0,2023-07-27,0.28,Real Estate,United States
Akseleran,"Jakarta, Non-U.S.",60.0,2023-07-27,,Finance,Indonesia
Verbit,New York City,60.0,2023-07-27,0.06,Data,United States
Datree,SF Bay Area,,2023-07-27,1.0,Other,United States
Copia,"Nairobi, Non-U.S.",350.0,2023-07-26,0.25,Retail,Kenya
Figure,SF Bay Area,90.0,2023-07-26,0.2,Crypto,United States
Calendly,Atlanta,60.0,2023-07-26,0.1,Other,United States
Myntra,"Bengaluru, Non-U.S.",50.0,2023-07-26,,Retail,India
Kleos Space,"Luxembourg, Raleigh",,2023-07-26,1.0,Aerospace,Luxembourg
Deep Instict,New York City,46.0,2023-07-25,0.15,Security,United States
AppHarvest,Lexington,,2023-07-24,1.0,Food,United States
PathAI,Boston,87.0,2023-07-21,,Healthcare,United States
Bundle Africa,"Lagos, Non-U.S.",,2023-07-21,1.0,Crypto,Nigeria
Viaplay,"Stockholm, Non-U.S.",450.0,2023-07-20,0.25,Media,Sweden
Stoa,Phoenix,80.0,2023-07-20,0.8,Real Estate,United States
AgentSync,Denver,67.0,2023-07-19,0.24,Finance,United States
Inspirato,Denver,50.0,2023-07-19,0.06,Travel,United States
Tilia,SF Bay Area,28.0,2023-07-19,0.32,Finance,United States
Blue Apron,New York City,,2023-07-19,0.2,Food,United States
Microsoft,Seattle,1000.0,2023-07-18,,Other,United States
Cameo,Chicago,80.0,2023-07-18,,Consumer,United States
Sarcos,Salt Lake City,75.0,2023-07-17,0.25,Aerospace,United States
Ezoic,San Diego,,2023-07-17,0.28,Infrastructure,United States
Binance,Cayman Islands,1000.0,2023-07-14,,Crypto,Cayman Islands
PayScale,Seattle,14.0,2023-07-14,0.02,HR,United States
Navi Technologies,"Bengaluru, Non-U.S.",200.0,2023-07-13,,Finance,India
Skill Lync,"Chennai, Non-U.S.",200.0,2023-07-13,,Education,India
Amazon,Seattle,80.0,2023-07-13,,Retail,United States
AudioCodes,"Tel Aviv, Non-U.S.",80.0,2023-07-13,0.06,Other,Israel
Tempo Automation,SF Bay Area,62.0,2023-07-13,,Other,United States
Uber Freight,SF Bay Area,40.0,2023-07-13,,Logistics,United States
Deepwatch,Tampa Bay,30.0,2023-07-13,0.07,Security,United States
Centr,"Sydney, Non-U.S.",22.0,2023-07-13,,Fitness,Australia
Factorial,"Barcelona, Non-U.S.",20.0,2023-07-13,,HR,Spain
Peloton,New York City,11.0,2023-07-13,,Fitness,United States
Bark,New York City,,2023-07-13,0.08,Retail,United States
Khoros,Austin,,2023-07-13,0.05,Sales,United States
Stitch Fix,Philadelphia,400.0,2023-07-12,,Retail,United States
Dapper Labs,Vancouver,51.0,2023-07-12,,Crypto,Canada
DeepVerge,"Dublin, Non-U.S.",50.0,2023-07-12,1.0,Healthcare,Ireland
Freightos,Miami,50.0,2023-07-12,0.13,Logistics,United States
Duck Creek Technologies,Boston,,2023-07-12,0.09,Finance,United States
WayCool,"Chennai, Non-U.S.",300.0,2023-07-11,0.12,Food,India
Matterport,SF Bay Area,170.0,2023-07-11,0.3,Data,United States
Everquote,Evansville,100.0,2023-07-11,,Finance,United States
Sisense,New York City,100.0,2023-07-11,0.15,Data,United States
Butterfly Network copy,Boston,,2023-07-11,0.25,Healthcare,United States
Shift,SF Bay Area,,2023-07-11,0.34,Transportation,United States
Rad Power Bikes,Seattle,40.0,2023-07-10,,Transportation,United States
FrontRow,"Bengaluru, Non-U.S.",,2023-07-10,1.0,Education,India
Latch,New York City,,2023-07-10,0.59,Security,United States
Motive,SF Bay Area,,2023-07-10,0.05,Transportation,United States
Medsaf,"Lagos, Non-U.S.",30.0,2023-07-07,1.0,Healthcare,Nigeria
Amdocs,St. Louis,2000.0,2023-07-06,0.06,Support,United States
FNZ,"London, Non-U.S.",1000.0,2023-07-06,0.15,Finance,United Kingdom
Perfect Day,SF Bay Area,134.0,2023-07-06,0.15,Food,United States
Solidigm,Sacramento,98.0,2023-07-06,,Hardware,United States
TytoCare,New York City,20.0,2023-07-06,0.1,Healthcare,United States
Athennian,"Calgary, Non-U.S.",30.0,2023-07-05,,Legal,Canada
Vista Group,"Auckland, Non-U.S.",,2023-07-05,0.06,Data,New Zealand
Highsnobiety,"Berlin, Non-U.S.",24.0,2023-07-03,0.1,Media,Germany
Zip,"Sydney, Non-U.S.",300.0,2023-07-02,0.2,Finance,Australia
Buzzer,New York City,,2023-06-30,1.0,Consumer,United States
Lunya,Los Angeles,,2023-06-30,1.0,Retail,United States
MediaMath,New York City,,2023-06-30,1.0,Marketing,United States
Petal,New York City,,2023-06-30,0.2,Finance,United States
Niantic,SF Bay Area,230.0,2023-06-29,,Other,United States
Headspace,Los Angeles,181.0,2023-06-29,0.15,Healthcare,United States
Artsy,New York City,35.0,2023-06-29,0.15,Retail,United States
Candy Digital,New York City,30.0,2023-06-29,,Crypto,United States
Xiaomi India,"Bengaluru, Non-U.S.",30.0,2023-06-29,,Other,India
Torii,"Ra'anana, Non-U.S.",28.0,2023-06-29,0.3,Other,Israel
Insider Intelligence,New York City,20.0,2023-06-29,,Media,United States
Merama,"Mexico City, Non-U.S.",,2023-06-29,0.1,Retail,Mexico
Qyuki,"Bengaluru, Non-U.S.",,2023-06-29,0.3,Other,India
Vowel,New York City,,2023-06-29,1.0,Other,United States
ClickUp,San Diego,90.0,2023-06-28,0.1,Other,United States
Ludia,"Montreal, Non-U.S.",55.0,2023-06-28,,Consumer,Canada
Karat,Seattle,47.0,2023-06-28,,HR,United States
Plex,SF Bay Area,37.0,2023-06-28,0.2,Media,United States
Starburst,Boston,,2023-06-28,0.15,Data,United States
Zapier,SF Bay Area,,2023-06-28,0.1,Other,United States
Selina,"London, Non-U.S.",350.0,2023-06-27,,Travel,United Kingdom
New Relic,SF Bay Area,255.0,2023-06-27,0.1,Infrastructure,United States
Tibber,"Førde, Non-U.S.",50.0,2023-06-27,,Energy,Norway
Eyowo,"Lagos, Non-U.S.",,2023-06-27,1.0,Finance,Nigeria
Honor,SF Bay Area,,2023-06-27,0.15,Healthcare,United States
Loopio,"Toronto, Non-U.S.",,2023-06-27,0.09,Sales,Canada
Lordstown Motors,Detroit,,2023-06-27,1.0,Transportation,United States
Payoneer,New York City,200.0,2023-06-26,0.1,Finance,United States
Robinhood,SF Bay Area,150.0,2023-06-26,0.07,Finance,United States
Convoy,Seattle,30.0,2023-06-26,0.05,Logistics,United States
Joonko,New York City,,2023-06-25,1.0,Recruiting,United States
IRL,SF Bay Area,,2023-06-23,1.0,Consumer,United States
Retool,SF Bay Area,,2023-06-22,0.09,Other,United States
Anaplan,SF Bay Area,300.0,2023-06-21,,Other,United States
Uber,SF Bay Area,200.0,2023-06-21,,Transportation,United States
Tackle.io,Boise,75.0,2023-06-21,,Infrastructure,United States
Ritual,"Toronto, Non-U.S.",38.0,2023-06-21,0.4,Food,Canada
Mutiny,SF Bay Area,,2023-06-21,0.3,Marketing,United States
Grab,"Singapore, Non-U.S.",1000.0,2023-06-20,0.11,Transportation,Singapore
OLX Group,"Amsterdam, Non-U.S.",800.0,2023-06-20,,Marketing,Netherlands
AvantStay,Los Angeles,37.0,2023-06-20,,Travel,United States
Karakuki,"London, Non-U.S.",,2023-06-20,1.0,Food,United Kingdom
Chingari,"Bengaluru, Non-U.S.",48.0,2023-06-19,0.2,Media,India
Panther,Tampa Bay,,2023-06-19,1.0,HR,United States
Fuzzy,SF Bay Area,,2023-06-18,1.0,Healthcare,United States
Mojocare,"Bengaluru, Non-U.S.",170.0,2023-06-17,0.8,Healthcare,India
Nikola,Phoenix,270.0,2023-06-16,,Transportation,United States
Qualcomm,SF Bay Area,84.0,2023-06-16,,Hardware,United States
Pilot,SF Bay Area,45.0,2023-06-16,0.13,Finance,United States
Karshare,"London, Non-U.S.",,2023-06-16,1.0,Transportation,United Kingdom
CareRev,Los Angeles,100.0,2023-06-15,0.33,Healthcare,United States
TADA,"Seoul, Non-U.S.",45.0,2023-06-15,0.6,Transportation,South Korea
FrontRow,"Bengaluru, Non-U.S.",,2023-06-15,0.9,Education,India
Bitwise,SF Bay Area,900.0,2023-06-14,1.0,Crypto,United States
Sonos,New York City,130.0,2023-06-14,0.07,Consumer,United States
TrueCar,Los Angeles,102.0,2023-06-14,0.24,Transportation,United States
Olo,New York City,81.0,2023-06-14,0.11,Food,United States
Mamaearth,"Gurugram, Non-U.S.",80.0,2023-06-14,,Retail,India
Synapse,SF Bay Area,,2023-06-14,0.18,Finance,United States
Western Digital,SF Bay Area,211.0,2023-06-13,,Hardware,United States
JupiterOne,Raleigh,8.0,2023-06-13,,Security,United States
Grubhub,SF Bay Area,400.0,2023-06-12,0.15,Food,United States
GoCardless,"London, Non-U.S.",150.0,2023-06-12,0.17,Finance,United Kingdom
Pendo,Raleigh,100.0,2023-06-12,0.12,Product,United States
Chegg,SF Bay Area,80.0,2023-06-12,0.04,Education,United States
dot.LA,Los Angeles,,2023-06-12,1.0,Media,United States
TaxBit,SF Bay Area,80.0,2023-06-11,0.4,Crypto,United States
Tiki,"Singapore, Non-U.S.",,2023-06-11,1.0,Consumer,Singapore
Trybe,"Sao Paulo, Non-U.S.",128.0,2023-06-09,0.35,Education,Brazil
23andMe,SF Bay Area,75.0,2023-06-09,0.09,Healthcare,United States
Expel,Washington D.C.,60.0,2023-06-09,0.1,Security,United States
Branch,Columbus,186.0,2023-06-08,,Finance,United States
Cityblock Health,New York City,155.0,2023-06-08,0.12,Healthcare,United States
Highspot,Seattle,140.0,2023-06-08,0.15,Sales,United States
Opora,SF Bay Area,,2023-06-08,1.0,Security,United States
Byju's,"Bengaluru, Non-U.S.",1000.0,2023-06-07,,Education,India
Nubank,"Sao Paulo, Non-U.S.",296.0,2023-06-07,,Finance,Brazil
Sumo Logic,SF Bay Area,79.0,2023-06-07,,Data,United States
Flatiron Health,New York City,39.0,2023-06-07,,Healthcare,United States
HashiCorp,SF Bay Area,,2023-06-07,0.08,Infrastructure,United States
Coherent,SF Bay Area,196.0,2023-06-06,,Manufacturing,United States
Edgio,Phoenix,134.0,2023-06-06,0.12,Infrastructure,United States
Reddit,SF Bay Area,90.0,2023-06-06,0.05,Consumer,United States
Linktree,"Melbourne, Non-U.S.",60.0,2023-06-06,0.27,Consumer,Australia
Dragos,Baltimore,50.0,2023-06-06,0.09,Security,United States
Unity,SF Bay Area,50.0,2023-06-06,,Other,United States
Mara,"Nairobi, Non-U.S.",6.0,2023-06-06,,Crypto,Kenya
Bunnii,New York City,,2023-06-06,1.0,Healthcare,United States
Spotify,"Stockholm, Non-U.S.",200.0,2023-06-05,0.02,Media,Sweden
Meati Foods,Denver,,2023-06-03,0.05,Food,United States
ZoomInfo,"Vancouver, Non-U.S.",120.0,2023-06-02,0.03,Sales,Canada
Staffbase,"Chemnitz, Non-U.S.",90.0,2023-06-02,,Other,Germany
Zume,SF Bay Area,,2023-06-02,1.0,Food,United States
Haven Technologies,New York City,280.0,2023-06-01,0.7,Finance,United States
Mural,SF Bay Area,170.0,2023-06-01,,Product,United States
Glamyo Health,"New Delhi, Non-U.S.",160.0,2023-06-01,,Healthcare,India
Outbrain,New York City,90.0,2023-06-01,0.1,Marketing,United States
CoachHub,"Berlin, Non-U.S.",,2023-06-01,0.1,HR,Germany
SentinelOne,SF Bay Area,,2023-06-01,0.05,Security,United States
SmartAsset,New York City,,2023-06-01,0.19,Finance,United States
Zendesk,SF Bay Area,320.0,2023-05-31,0.08,Support,United States
ZipRecruiter,Los Angeles,270.0,2023-05-31,0.2,Recruiting,United States
Vendr,Boston,100.0,2023-05-31,0.25,Other,United States
McMakler,"Berlin, Non-U.S.",60.0,2023-05-31,,Real Estate,Germany
Mux,SF Bay Area,40.0,2023-05-31,0.3,Infrastructure,United States
Away,New York City,22.0,2023-05-31,0.08,Retail,United States
Taxfix,"Berlin, Non-U.S.",120.0,2023-05-30,0.2,Finance,Germany
Mensa Brands,"Bengaluru, Non-U.S.",30.0,2023-05-30,,Retail,India
Evolve,Denver,164.0,2023-05-29,0.14,Travel,United States
Project44,Chicago,130.0,2023-05-26,0.1,Logistics,United States
DHI Group,New York City,53.0,2023-05-26,0.1,Recruiting,United States
BenevolentAI,"London, Non-U.S.",180.0,2023-05-25,,Healthcare,United Kingdom
Airmeet,"Bengaluru, Non-U.S.",75.0,2023-05-25,0.3,Marketing,India
Circus Kitchens,"Hamburg, Non-U.S.",35.0,2023-05-25,,Food,Germany
Jellysmack,"Paris, Non-U.S.",13.0,2023-05-25,,Media,France
Kabam,SF Bay Area,,2023-05-25,0.12,Consumer,United States
Guild,Denver,172.0,2023-05-24,0.12,Education,United States
WillowTree,Charlottesville,120.0,2023-05-24,0.11,Marketing,United States
Flink,"Berlin, Non-U.S.",100.0,2023-05-24,0.16,Food,Germany
Western Digital,"Kfar Saba, Non-U.S.",60.0,2023-05-24,0.07,Hardware,Israel
Alibaba Cloud,"Hangzhou, Non-U.S.",,2023-05-24,0.07,Data,China
Brainly,"Krakow, Non-U.S.",,2023-05-24,0.3,Education,Poland
Reliance JioMart,"Mumbai, Non-U.S.",1000.0,2023-05-23,,Food,India
Qualcomm,"Haifa, Non-U.S.",30.0,2023-05-23,,Hardware,Israel
SoundCloud,"Berlin, Non-U.S.",,2023-05-23,0.08,Consumer,Germany
AppFolio,Santa Barbara,62.0,2023-05-22,,Real Estate,United States
Daylight,Los Angeles,,2023-05-22,1.0,Finance,United States
FemTech Health,Houston,,2023-05-22,1.0,Healthcare,United States
Moss,"Berlin, Non-U.S.",30.0,2023-05-19,,Finance,Germany
Pie Insurance,Washington D.C.,63.0,2023-05-18,0.14,Finance,United States
dbt Labs,Philadelphia,,2023-05-18,0.15,Data,United States
L1ght,"Tel Aviv, Non-U.S.",,2023-05-18,1.0,Other,Israel
TuSimple,San Diego,,2023-05-18,0.3,Transportation,United States
Stash,New York City,40.0,2023-05-17,0.1,Finance,United States
Formstack,Indianapolis,,2023-05-17,0.4,Other,United States
Cerner,Kansas City,3000.0,2023-05-16,0.11,Healthcare,United States
Zepz,"London, Non-U.S.",420.0,2023-05-16,0.26,Finance,United Kingdom
Lemonade,New York City,45.0,2023-05-16,0.03,Finance,United States
Quanto,"Sao Paulo, Non-U.S.",,2023-05-16,0.85,Finance,Brazil
Cana,SF Bay Area,,2023-05-13,1.0,Food,United States
Nuro,SF Bay Area,340.0,2023-05-12,0.3,Transportation,United States
Telenav,"Cluj-Napoca, Non-U.S.",172.0,2023-05-12,,Transportation,Romania
Happay,"Bengaluru, Non-U.S.",160.0,2023-05-12,0.35,Finance,India
Slickdeals,Las Vegas,79.0,2023-05-12,0.33,Retail,United States
Toothsi,"Mumbai, Non-U.S.",20.0,2023-05-12,,Healthcare,India
Everlaw,SF Bay Area,,2023-05-12,0.1,Legal,United States
Tessera,New York City,,2023-05-12,1.0,Crypto,United States
Cornershop,"Santiago, Non-U.S.",250.0,2023-05-11,0.11,Food,Chile
Varo,SF Bay Area,97.0,2023-05-11,,Finance,United States
CS Disco,Austin,,2023-05-11,0.08,Legal,United States
Microsoft,Seattle,158.0,2023-05-10,,Other,United States
Redbubble,"Melbourne, Non-U.S.",70.0,2023-05-10,0.23,Retail,Australia
Similarweb,New York City,60.0,2023-05-10,0.06,Other,United States
Stack Overflow,New York City,58.0,2023-05-10,0.1,Recruiting,United States
Akamai,Boston,290.0,2023-05-09,0.03,Security,United States
Sonatype,Baltimore,100.0,2023-05-09,0.14,Security,United States
AudioCodes,"Tel Aviv, Non-U.S.",80.0,2023-05-09,0.06,Other,Israel
Marqeta,SF Bay Area,,2023-05-09,0.15,Finance,United States
LinkedIn,SF Bay Area,716.0,2023-05-08,0.04,Recruiting,United States
Cuemath,"Bengaluru, Non-U.S.",100.0,2023-05-08,,Education,India
Momentis Surgical,"Tel Aviv, Non-U.S.",70.0,2023-05-08,0.6,Healthcare,Israel
Glean AI,New York City,5.0,2023-05-08,,Finance,United States
Everledger,"Brisbane, Non-U.S.",,2023-05-08,1.0,Crypto,Australia
Twist Bioscience,SF Bay Area,270.0,2023-05-05,0.25,Healthcare,United States
Meesho,"Bengaluru, Non-U.S.",251.0,2023-05-05,0.15,Retail,India
Teachmint,"Bengaluru, Non-U.S.",70.0,2023-05-05,,Education,India
Eventus,Austin,,2023-05-05,0.33,Finance,United States
Shopify,"Ottawa, Non-U.S.",2300.0,2023-05-04,0.2,Retail,Canada
Sabre,Dallas,1100.0,2023-05-04,0.15,Travel,United States
Scribe Media,Austin,90.0,2023-05-04,1.0,Marketing,United States
Autograph,Los Angeles,30.0,2023-05-04,0.33,Crypto,United States
Earnix,"Tel Aviv, Non-U.S.",30.0,2023-05-04,0.1,Finance,Israel
Karma,"Tel Aviv, Non-U.S.",20.0,2023-05-04,0.28,Retail,Israel
Glassbox,"London, Non-U.S.",,2023-05-04,0.14,Data,United Kingdom
Unity,SF Bay Area,600.0,2023-05-03,0.08,Other,United States
Upwork,SF Bay Area,137.0,2023-05-03,0.15,Other,United States
Cars24,"Jakarta, Non-U.S.",100.0,2023-05-03,,Transportation,Indonesia
Brightcove,Boston,70.0,2023-05-03,0.1,Marketing,United States
Healthy.io,"Tel Aviv, Non-U.S.",70.0,2023-05-03,0.33,Healthcare,Israel
Zymergen,SF Bay Area,27.0,2023-05-03,,Other,United States
TheSkimm,New York City,22.0,2023-05-03,0.13,Media,United States
Brightline,SF Bay Area,,2023-05-03,0.2,Healthcare,United States
Bishop Fox,Phoenix,50.0,2023-05-02,0.13,Security,United States
Zoomo,"Sydney, Non-U.S.",27.0,2023-05-02,0.08,Transportation,Australia
Vallai,"Paris, Non-U.S.",,2023-05-02,1.0,Data,France
SAS,Raleigh,250.0,2023-05-01,,Data,United States
Lev,New York City,34.0,2023-05-01,,Real Estate,United States
Vah Vah!,"Bengaluru, Non-U.S.",150.0,2023-04-30,,Education,India
Cogito,"New Delhi, Non-U.S.",177.0,2023-04-29,,Data,India
Cue Health,San Diego,326.0,2023-04-28,0.3,Healthcare,United States
N26,"Berlin, Non-U.S.",71.0,2023-04-28,0.04,Finance,Germany
Embark Vet,Boston,28.0,2023-04-28,,Healthcare,United States
Poparazzi,Los Angeles,,2023-04-28,1.0,Consumer,United States
Providoor,"Melbourne, Non-U.S.",,2023-04-28,1.0,Food,Australia
Dropbox,SF Bay Area,500.0,2023-04-27,0.16,Other,United States
Alteryx,Los Angeles,320.0,2023-04-27,0.11,Data,United States
Vroom,New York City,120.0,2023-04-27,0.11,Transportation,United States
Greenhouse,New York City,100.0,2023-04-27,0.12,Recruiting,United States
Rebellion Defense,Washington D.C.,90.0,2023-04-27,,Data,United States
Poppulo,Denver,85.0,2023-04-27,,HR,United States
Megaport,"Brisbane, Non-U.S.",50.0,2023-04-27,0.16,Infrastructure,Australia
Airtasker,"Sydney, Non-U.S.",45.0,2023-04-27,0.2,Retail,Australia
Chief,New York City,43.0,2023-04-27,0.14,Other,United States
Tickertape,"Bengaluru, Non-U.S.",29.0,2023-04-27,0.29,Finance,India
Clubhouse,SF Bay Area,,2023-04-27,0.5,Consumer,United States
Oddle,"Singapore, Non-U.S.",,2023-04-27,0.25,Food,Singapore
Extramarks,"Noida, Non-U.S.",300.0,2023-04-26,,Education,India
Teampay,New York City,30.0,2023-04-26,0.33,Finance,United States
RenoRun,"Montreal, Non-U.S.",,2023-04-26,1.0,Construction,Canada
Skill Lync,"Chennai, Non-U.S.",400.0,2023-04-25,,Education,India
Rapid,SF Bay Area,115.0,2023-04-25,0.5,Finance,United States
Rapid,SF Bay Area,70.0,2023-04-25,0.3,Finance,United States
Flink,"Berlin, Non-U.S.",8000.0,2023-04-24,0.4,Food,Germany
Red Hat,Raleigh,760.0,2023-04-24,0.04,Other,United States
BigPanda,SF Bay Area,40.0,2023-04-24,0.13,Infrastructure,United States
Lyft,SF Bay Area,1072.0,2023-04-21,0.26,Transportation,United States
Benchling,SF Bay Area,74.0,2023-04-21,0.09,Other,United States
BuzzFeed,New York City,180.0,2023-04-20,0.15,Media,United States
Koo,"Bengaluru, Non-U.S.",78.0,2023-04-20,0.3,Consumer,India
Open,"Bengaluru, Non-U.S.",47.0,2023-04-20,,Finance,India
Gloat,New York City,35.0,2023-04-20,0.12,HR,United States
Insider,New York City,,2023-04-20,0.1,Media,United States
Iress,"Melbourne, Non-U.S.",,2023-04-20,0.1,Finance,Australia
F5,Seattle,623.0,2023-04-19,0.09,Security,United States
WalkMe,SF Bay Area,112.0,2023-04-19,0.1,Other,United States
Opendoor,SF Bay Area,560.0,2023-04-18,0.22,Real Estate,United States
Noon,"Riyadh, Non-U.S.",340.0,2023-04-18,0.1,Retail,Saudi Arabia
Culture Amp,"Melbourne, Non-U.S.",90.0,2023-04-18,0.09,HR,Australia
TRM Labs,SF Bay Area,16.0,2023-04-18,0.09,Crypto,United States
CoLab,"Sydney, Non-U.S.",,2023-04-18,1.0,Food,Australia
Ten Square Games,"Wrocław, Non-U.S.",120.0,2023-04-17,0.25,Consumer,Poland
Clearcover,Chicago,81.0,2023-04-17,0.15,Finance,United States
Paper,"Montreal, Non-U.S.",81.0,2023-04-17,0.03,Education,Canada
Ynsect,"Paris, Non-U.S.",17.0,2023-04-17,0.25,Food,France
Utopia Music,"Zug, Non-U.S.",,2023-04-17,0.15,Other,Switzerland
Quadream,"Tel Aviv, Non-U.S.",,2023-04-16,1.0,Security,Israel
Drip Capital,SF Bay Area,75.0,2023-04-14,0.2,Finance,United States
Community Gaming,New York City,17.0,2023-04-14,0.17,Crypto,United States
Calibrate,New York City,,2023-04-14,0.18,Healthcare,United States
OpenClassrooms,"Paris, Non-U.S.",,2023-04-14,0.25,Education,France
Snyk,Boston,128.0,2023-04-13,,Security,United States
Astronomer,Cincinnati,100.0,2023-04-13,0.4,Data,United States
Bluepad,"Bengaluru, Non-U.S.",,2023-04-13,1.0,Media,India
Heygo,"London, Non-U.S.",,2023-04-13,1.0,Travel,United Kingdom
Lazerpay,"Lagos, Non-U.S.",,2023-04-13,1.0,Crypto,Nigeria
Viasat,San Diego,300.0,2023-04-12,0.04,Other,United States
Science 37,Los Angeles,140.0,2023-04-12,,Healthcare,United States
Medtronic,SF Bay Area,59.0,2023-04-12,,Healthcare,United States
Milkrun,"Sydney, Non-U.S.",400.0,2023-04-11,1.0,Food,Australia
Redfin,Seattle,201.0,2023-04-11,0.04,Real Estate,United States
Permutive,"London, Non-U.S.",80.0,2023-04-11,0.4,Marketing,United Kingdom
Examedi,"Santiago, Non-U.S.",45.0,2023-04-11,0.25,Healthcare,Chile
Euler Motors,"New Delhi, Non-U.S.",,2023-04-11,0.1,Transportation,India
Flock Freight,San Diego,45.0,2023-04-10,0.08,Logistics,United States
Nori,Seattle,10.0,2023-04-10,0.37,Energy,United States
Simpl,"Bengaluru, Non-U.S.",150.0,2023-04-09,0.25,Finance,India
Practo,"Bengaluru, Non-U.S.",41.0,2023-04-08,,Healthcare,India
Pear Therapeutics,Boston,170.0,2023-04-07,0.92,Healthcare,United States
Workit Health,Ann Arbor,100.0,2023-04-07,,Healthcare,United States
ZestMoney,"Bengaluru, Non-U.S.",100.0,2023-04-07,0.2,Finance,India
Absolute Software,"Vancouver, Non-U.S.",40.0,2023-04-06,0.05,Security,Canada
Avocargo,"Berlin, Non-U.S.",16.0,2023-04-06,1.0,Transportation,Germany
Dunzo,"Bengaluru, Non-U.S.",300.0,2023-04-05,0.3,Food,India
Amplitude,SF Bay Area,99.0,2023-04-05,0.13,Data,United States
Talent.com,"Montreal, Non-U.S.",86.0,2023-04-05,0.18,Recruiting,Canada
1K Kirana,"Gurugram, Non-U.S.",600.0,2023-04-04,0.4,Retail,India
Foundation Medicine,Boston,135.0,2023-04-04,,Healthcare,United States
Finder,"Sydney, Non-U.S.",40.0,2023-04-04,,Retail,Australia
Boost,New York City,15.0,2023-04-04,0.2,Finance,United States
Hyland Software,Cleveland,1000.0,2023-04-03,0.2,Other,United States
View,SF Bay Area,170.0,2023-04-03,0.23,Other,United States
Guideline,SF Bay Area,48.0,2023-04-03,0.11,Finance,United States
Textio,Seattle,15.0,2023-04-03,0.12,Recruiting,United States
Domestika,"Madrid, Non-U.S.",89.0,2023-03-31,0.45,Education,Spain
Hulu,"Beijing, Non-U.S.",200.0,2023-03-30,,Media,China
Roku,SF Bay Area,200.0,2023-03-30,0.06,Media,United States
LendingTree,Charlotte,150.0,2023-03-30,0.13,Finance,United States
FanClash,"Gurugram, Non-U.S.",100.0,2023-03-30,0.75,Consumer,India
Loop,Austin,19.0,2023-03-30,0.25,Finance,United States
Crossbeam,Philadelphia,17.0,2023-03-30,0.15,Sales,United States
Spotify,"Stockholm, Non-U.S.",15.0,2023-03-30,,Media,Sweden
AnswerLab,SF Bay Area,,2023-03-30,0.17,Marketing,United States
GoodWorker,"Singapore, Non-U.S.",,2023-03-30,0.9,Recruiting,Singapore
Nowports,"Monterrey, Non-U.S.",,2023-03-30,0.15,Logistics,Mexico
Unacademy,"Bengaluru, Non-U.S.",,2023-03-30,0.12,Education,India
CoverMyMeds,Columbus,800.0,2023-03-29,,Healthcare,United States
Electronic Arts,SF Bay Area,780.0,2023-03-29,0.06,Consumer,United States
Seagate,SF Bay Area,480.0,2023-03-29,,Hardware,United States
Drizly,Boston,100.0,2023-03-29,,Retail,United States
iCAD,Nashua,23.0,2023-03-29,0.28,Healthcare,United States
Anyline,"Vienna, Non-U.S.",,2023-03-29,0.25,Other,Austria
Shift,SF Bay Area,,2023-03-29,0.3,Transportation,United States
Lucid Motors,SF Bay Area,1300.0,2023-03-28,0.18,Transportation,United States
Blue Nile,Seattle,119.0,2023-03-28,,Retail,United States
AEye,SF Bay Area,46.0,2023-03-28,0.33,Transportation,United States
Rackspace,San Antonio,275.0,2023-03-27,,Data,United States
Better Therapeutics,SF Bay Area,,2023-03-27,0.35,Healthcare,United States
Aspiration,Los Angeles,170.0,2023-03-24,,Finance,United States
Cimpress,"Paris, Non-U.S.",500.0,2023-03-23,,Retail,France
Veeam,Columbus,200.0,2023-03-23,,Data,United States
Glovo,"Barcelona, Non-U.S.",140.0,2023-03-23,,Food,Spain
TakeOff,"Kyiv, Non-U.S.",50.0,2023-03-23,,Retail,Ukraine
Slite,"Paris, Non-U.S.",10.0,2023-03-23,0.25,Other,France
Indeed,Austin,2200.0,2023-03-22,0.15,HR,United States
Logitech,"Geneva, Non-U.S.",300.0,2023-03-22,,Hardware,Switzerland
Glassdoor,SF Bay Area,140.0,2023-03-22,0.15,HR,United States
Wejo,"Chester, Non-U.S.",40.0,2023-03-22,0.16,Transportation,United Kingdom
Copper,"London, Non-U.S.",,2023-03-22,0.15,Crypto,United Kingdom
Roofstock,SF Bay Area,,2023-03-22,0.27,Real Estate,United States
Just Eat,"London, Non-U.S.",1700.0,2023-03-21,,Food,United Kingdom
Marvell,SF Bay Area,320.0,2023-03-21,0.04,Hardware,United States
Workhuman,"Dublin, Non-U.S.",130.0,2023-03-21,0.1,HR,Ireland
FreshBooks,"Toronto, Non-U.S.",80.0,2023-03-21,0.1,Finance,Canada
Xing,"Hamburg, Non-U.S.",68.0,2023-03-21,,HR,Germany
Mr Yum,"Melbourne, Non-U.S.",40.0,2023-03-21,,Food,Australia
Smallcase,"Bengaluru, Non-U.S.",15.0,2023-03-21,0.04,Finance,India
Laybuy,"Auckland, Non-U.S.",,2023-03-21,0.1,Finance,New Zealand
Amazon,Seattle,9000.0,2023-03-20,,Retail,United States
Huuuge Games,"Warsaw, Non-U.S.",,2023-03-20,0.1,Consumer,Poland
Livspace,"Bengaluru, Non-U.S.",100.0,2023-03-17,0.02,Retail,India
Symend,"Calgary, Non-U.S.",50.0,2023-03-17,0.25,Other,Canada
Freshworks,SF Bay Area,114.0,2023-03-16,0.02,Support,United States
Coherent,SF Bay Area,108.0,2023-03-16,,Manufacturing,United States
Runtastic,"Linz, Non-U.S.",70.0,2023-03-16,0.28,Fitness,Austria
Course Hero,SF Bay Area,42.0,2023-03-16,0.15,Education,United States
Leafly,Seattle,40.0,2023-03-16,0.21,Retail,United States
Klaviyo,Boston,140.0,2023-03-15,,Marketing,United States
Dukaan,"Bengaluru, Non-U.S.",56.0,2023-03-15,0.3,Retail,India
Boxed,New York City,32.0,2023-03-15,0.25,Retail,United States
Nubank,"Sao Paulo, Non-U.S.",30.0,2023-03-15,,Finance,Brazil
TradeWindow,"Auckland, Non-U.S.",25.0,2023-03-15,0.3,Finance,New Zealand
Meta,SF Bay Area,10000.0,2023-03-14,,Consumer,United States
Fetch,Madison,100.0,2023-03-14,0.1,Retail,United States
Anchorage Digital,SF Bay Area,75.0,2023-03-14,0.2,Crypto,United States
Avidbots,"Kitchener, Non-U.S.",50.0,2023-03-14,0.14,Hardware,Canada
Samsung,SF Bay Area,30.0,2023-03-14,,Hardware,United States
Kaleidoscope,Minneapolis,15.0,2023-03-14,0.3,Finance,United States
GoTo Group,"Jakarta, Non-U.S.",600.0,2023-03-10,,Transportation,Indonesia
Cookpad,"Tokyo, Non-U.S.",80.0,2023-03-10,,Consumer,Japan
Xero,"Wellington, Non-U.S.",800.0,2023-03-09,0.15,Finance,New Zealand
Shopee,"Jakarta, Non-U.S.",200.0,2023-03-09,,Food,Indonesia
Gopuff,Philadelphia,100.0,2023-03-09,0.02,Food,United States
Wave Financial,"Toronto, Non-U.S.",50.0,2023-03-09,,Finance,Canada
Morning Brew,New York City,40.0,2023-03-09,,Media,United States
Neoleukin Therapeutics,Seattle,,2023-03-09,0.7,Healthcare,United States
Toucan,Los Angeles,,2023-03-09,1.0,Education,United States
Wattpad,"Toronto, Non-U.S.",42.0,2023-03-08,0.15,Media,Canada
Appcues,Boston,,2023-03-08,0.15,Data,United States
Pristyn Care,"Gurugram, Non-U.S.",300.0,2023-03-07,0.15,Healthcare,India
Zwift,Los Angeles,80.0,2023-03-07,0.15,Fitness,United States
Catch,New York City,,2023-03-07,1.0,Finance,United States
RDX Works,"London, Non-U.S.",,2023-03-07,0.25,Crypto,United Kingdom
Atlassian,"Sydney, Non-U.S.",500.0,2023-03-06,0.05,Other,Australia
SiriusXM,New York City,475.0,2023-03-06,0.08,Media,United States
Alerzo,"Ibadan, Non-U.S.",400.0,2023-03-06,,Retail,Nigeria
UKG,Miami,265.0,2023-03-06,,HR,United States
UpGrad,"Mumbai, Non-U.S.",120.0,2023-03-06,,Education,India
HomeLane,"Bengaluru, Non-U.S.",30.0,2023-03-06,,Retail,India
No Fluff Jobs,"Gydnia, Non-U.S.",13.0,2023-03-04,,HR,Poland
Loft,"Sao Paulo, Non-U.S.",340.0,2023-03-03,0.15,Real Estate,Brazil
Embark Trucks,SF Bay Area,230.0,2023-03-03,0.7,Transportation,United States
Lendi,"Sydney, Non-U.S.",100.0,2023-03-03,,Real Estate,Australia
UserTesting,SF Bay Area,63.0,2023-03-03,,Marketing,United States
Airbnb,SF Bay Area,30.0,2023-03-03,,Travel,United States
Zscaler,SF Bay Area,177.0,2023-03-02,0.03,Security,United States
MasterClass,SF Bay Area,79.0,2023-03-02,,Education,United States
Ambev Tech,"Blumenau, Non-U.S.",50.0,2023-03-02,,Food,Brazil
Fittr,"Pune, Non-U.S.",30.0,2023-03-02,0.11,Fitness,India
CNET,SF Bay Area,12.0,2023-03-02,0.1,Media,United States
Comparis,"Zurich, Non-U.S.",,2023-03-02,0.1,Finance,Switzerland
Kandela,Los Angeles,,2023-03-02,1.0,Consumer,United States
Thoughtworks,Chicago,500.0,2023-03-01,0.04,Other,United States
iFood,"Sao Paulo, Non-U.S.",355.0,2023-03-01,0.06,Food,Brazil
Color Health,SF Bay Area,300.0,2023-03-01,,Healthcare,United States
Waymo,SF Bay Area,209.0,2023-03-01,0.08,Transportation,United States
PayFit,"Paris, Non-U.S.",200.0,2023-03-01,0.2,HR,France
Yellow.ai,SF Bay Area,200.0,2023-03-01,,Support,United States
Sonder,SF Bay Area,100.0,2023-03-01,0.14,Travel,United States
Protego Trust Bank,Seattle,,2023-03-01,0.5,Crypto,United States
Electronic Arts,Baton Rouge,200.0,2023-02-28,,Consumer,United States
Eventbrite,SF Bay Area,80.0,2023-02-28,0.08,Consumer,United States
Ezoic,San Diego,10.0,2023-02-28,,Infrastructure,United States
DUX Education,"Bengaluru, Non-U.S.",,2023-02-28,1.0,Education,India
MeridianLink,Los Angeles,,2023-02-28,0.09,Finance,United States
Sono Motors,"Munich, Non-U.S.",300.0,2023-02-27,,Transportation,Germany
Cerebral,SF Bay Area,285.0,2023-02-27,0.15,Healthcare,United States
Amount,Chicago,130.0,2023-02-27,0.25,Finance,United States
Palantir,Denver,75.0,2023-02-27,0.02,Data,United States
Outreach,Seattle,70.0,2023-02-27,0.07,Sales,United States
Stytch,SF Bay Area,19.0,2023-02-27,0.25,Security,United States
BitSight,"Tel Aviv, Non-U.S.",40.0,2023-02-26,,Security,Israel
Twitter,SF Bay Area,200.0,2023-02-25,0.1,Consumer,United States
Ericsson,"Stockholm, Non-U.S.",8500.0,2023-02-24,0.08,Other,Sweden
SAP Labs,"Bengaluru, Non-U.S.",300.0,2023-02-24,,Other,India
Velodyne Lidar,SF Bay Area,220.0,2023-02-24,,Transportation,United States
Medallia,SF Bay Area,59.0,2023-02-24,,Support,United States
Eat Just,SF Bay Area,40.0,2023-02-24,,Food,United States
Lucira Health,SF Bay Area,26.0,2023-02-24,,Healthcare,United States
Stax,Orlando,24.0,2023-02-24,,Finance,United States
EQRx,Boston,,2023-02-24,0.18,Healthcare,United States
Poshmark,SF Bay Area,,2023-02-24,0.02,Retail,United States
Merative,Ann Arbor,200.0,2023-02-23,0.1,Healthcare,United States
OneFootball,"Berlin, Non-U.S.",150.0,2023-02-23,0.32,Marketing,Germany
The Iconic,"Sydney, Non-U.S.",69.0,2023-02-23,0.06,Retail,Australia
EVgo,Los Angeles,40.0,2023-02-23,,Transportation,United States
StrongDM,SF Bay Area,40.0,2023-02-23,,Infrastructure,United States
Dapper Labs,"Vancouver, Non-U.S.",,2023-02-23,0.2,Crypto,Canada
Messari,New York City,,2023-02-23,0.15,Crypto,United States
Vibrent Health,Washington D.C.,,2023-02-23,0.13,Healthcare,United States
Synamedia,"London, Non-U.S.",200.0,2023-02-22,0.12,Media,United Kingdom
TaskUs,San Antonio,186.0,2023-02-22,,Support,United States
Immutable,"Sydney, Non-U.S.",,2023-02-22,0.11,Crypto,Australia
Jounce Therapeutics,Boston,,2023-02-22,0.57,Healthcare,United States
Locomation,Pittsburgh,,2023-02-22,1.0,Transportation,United States
Green Labs,"Seoul, Non-U.S.",350.0,2023-02-21,0.7,Food,South Korea
Polygon,"Bengaluru, Non-U.S.",100.0,2023-02-21,0.2,Crypto,India
Crunchyroll,"Tokyo, Non-U.S.",85.0,2023-02-21,,Media,Japan
Ethos Life,SF Bay Area,50.0,2023-02-21,,Finance,United States
Basis Technologies,Chicago,40.0,2023-02-21,0.04,Marketing,United States
Bolt,"Lagos, Non-U.S.",17.0,2023-02-21,,Transportation,Nigeria
MyGate,"Bengaluru, Non-U.S.",200.0,2023-02-20,0.3,Other,India
Fireblocks,New York City,30.0,2023-02-20,0.05,Crypto,United States
Kinde,"Sydney, Non-U.S.",8.0,2023-02-20,0.28,Other,Australia
Fipola,"Chennai, Non-U.S.",,2023-02-20,1.0,Food,India
HP,"Tel Aviv, Non-U.S.",100.0,2023-02-19,,Hardware,Israel
Micron,Boise,2400.0,2023-02-17,0.05,Hardware,United States
Tencent,"Shenzen, Non-U.S.",300.0,2023-02-17,,Consumer,China
Evernote,SF Bay Area,129.0,2023-02-17,,Consumer,United States
Chipper Cash,SF Bay Area,100.0,2023-02-17,0.33,Finance,United States
DocuSign,SF Bay Area,680.0,2023-02-16,0.1,Sales,United States
Pico Interactive,SF Bay Area,400.0,2023-02-16,0.2,Other,United States
The RealReal,SF Bay Area,230.0,2023-02-16,0.07,Retail,United States
Smartsheet,Seattle,85.0,2023-02-16,0.03,Other,United States
Wix,"Tel Aviv, Non-U.S.",370.0,2023-02-15,0.06,Marketing,Israel
ServiceTitan,Los Angeles,221.0,2023-02-15,0.08,Sales,United States
Neon,"Sao Paulo, Non-U.S.",210.0,2023-02-15,0.09,Finance,Brazil
Jellysmack,"Paris, Non-U.S.",208.0,2023-02-15,,Media,France
DigitalOcean,New York City,200.0,2023-02-15,0.11,Infrastructure,United States
Sprinklr,New York City,100.0,2023-02-15,0.04,Support,United States
Betterment,New York City,28.0,2023-02-15,,Finance,United States
Milkrun,"Sydney, Non-U.S.",,2023-02-15,0.2,Food,Australia
SurveyMonkey,SF Bay Area,,2023-02-15,0.14,Marketing,United States
Tackle,Boise,,2023-02-15,0.15,Other,United States
Vicarious Surgical,Boston,,2023-02-15,0.14,Healthcare,United States
Blackbaud,Charleston,500.0,2023-02-14,0.14,Other,United States
CommerceHub,Albany,371.0,2023-02-14,0.31,Retail,United States
Dropp,"Berlin, Non-U.S.",60.0,2023-02-14,1.0,Retail,Germany
HackerEarth,SF Bay Area,,2023-02-14,0.08,HR,United States
PhableCare,"Bengaluru, Non-U.S.",,2023-02-14,0.7000000000000001,Healthcare,India
Udemy,SF Bay Area,,2023-02-14,0.1,Education,United States
Twilio,SF Bay Area,1500.0,2023-02-13,0.17,Other,United States
Electric,New York City,141.0,2023-02-13,0.25,Other,United States
EMX Digital,New York City,100.0,2023-02-13,1.0,Marketing,United States
PetLove,"Sao Paulo, Non-U.S.",94.0,2023-02-13,,Retail,Brazil
iRobot,Boston,85.0,2023-02-13,0.07,Consumer,United States
Collective Health,SF Bay Area,54.0,2023-02-13,,Healthcare,United States
Magic Eden,SF Bay Area,22.0,2023-02-13,,Crypto,United States
Casavo,"Milan, Non-U.S.",,2023-02-13,0.3,Real Estate,Italy
Moladin,"Jakarta, Non-U.S.",360.0,2023-02-12,0.11,Transportation,Indonesia
TripleLift,New York City,100.0,2023-02-10,0.2,Marketing,United States
Titan Medical,"Toronto, Non-U.S.",48.0,2023-02-10,0.72,Healthcare,Canada
TikTok India,"Mumbai, Non-U.S.",40.0,2023-02-10,,Consumer,India
Syft Technologies,"Auckland, Non-U.S.",30.0,2023-02-10,0.2,Manufacturing,New Zealand
Rigetti Computing,SF Bay Area,,2023-02-10,0.28,Hardware,United States
Yahoo,SF Bay Area,1600.0,2023-02-09,0.2,Consumer,United States
Misfits Market,Philadelphia,649.0,2023-02-09,0.33,Food,United States
Deliveroo,"London, Non-U.S.",350.0,2023-02-09,0.09,Food,United Kingdom
Olive AI,Columbus,215.0,2023-02-09,0.35,Healthcare,United States
Oportun,SF Bay Area,155.0,2023-02-09,0.1,Finance,United States
GitLab,SF Bay Area,130.0,2023-02-09,0.07,Product,United States
Bark,New York City,126.0,2023-02-09,0.12,Retail,United States
REE Automotive,"Tel Aviv, Non-U.S.",100.0,2023-02-09,0.5,Transportation,Israel
Veriff,"Tallinn, Non-U.S.",66.0,2023-02-09,0.12,Security,Estonia
REE Automotive,"Tel Aviv, Non-U.S.",31.0,2023-02-09,0.11,Transportation,Israel
GitHub,SF Bay Area,,2023-02-09,0.1,Product,United States
WeTrade,"Bengaluru, Non-U.S.",,2023-02-09,1.0,Crypto,India
GoDaddy,Phoenix,530.0,2023-02-08,0.08,Marketing,United States
Affirm,SF Bay Area,500.0,2023-02-08,0.19,Finance,United States
Gusto,SF Bay Area,126.0,2023-02-08,0.05,HR,United States
Gong,SF Bay Area,80.0,2023-02-08,0.07,Sales,United States
Beam Benefits,Columbus,31.0,2023-02-08,0.08,Healthcare,United States
Equitybee,SF Bay Area,24.0,2023-02-08,0.25,Finance,United States
Baraja,"Sydney, Non-U.S.",,2023-02-08,0.75,Transportation,Australia
Koho,"Toronto, Non-U.S.",,2023-02-08,0.14,Finance,Canada
Medly,New York City,,2023-02-08,1.0,Healthcare,United States
Nearmap,"Sydney, Non-U.S.",,2023-02-08,0.2,Construction,Australia
Zoom,SF Bay Area,1300.0,2023-02-07,0.15,Other,United States
eBay,SF Bay Area,500.0,2023-02-07,0.04,Retail,United States
SecureWorks,Atlanta,212.0,2023-02-07,0.09,Security,United States
Salesloft,Atlanta,100.0,2023-02-07,0.1,Sales,United States
Openpay,"Melbourne, Non-U.S.",83.0,2023-02-07,1.0,Finance,Australia
LearnUpon,"Dublin, Non-U.S.",27.0,2023-02-07,0.09,Education,Ireland
Sana Benefits,Austin,,2023-02-07,0.19,HR,United States
Dell,Austin,6650.0,2023-02-06,0.05,Hardware,United States
Loggi,"Sao Paulo, Non-U.S.",300.0,2023-02-06,0.07,Logistics,Brazil
Catch.com.au,"Melbourne, Non-U.S.",100.0,2023-02-06,,Retail,Australia
VinFast US,Los Angeles,80.0,2023-02-06,,Transportation,United States
Drift,Boston,59.0,2023-02-06,,Marketing,United States
Pocket Aces,"Mumbai, Non-U.S.",50.0,2023-02-06,0.25,Media,India
Clari,SF Bay Area,20.0,2023-02-06,,Sales,United States
Daraz,"Singapore, Non-U.S.",,2023-02-06,0.11,Retail,Singapore
Kyruus,Boston,70.0,2023-02-05,,Healthcare,United States
Lightico,"Tel Aviv, Non-U.S.",20.0,2023-02-05,0.25,Finance,Israel
Eightfold AI,SF Bay Area,90.0,2023-02-03,0.15,HR,United States
FarEye,"New Delhi, Non-U.S.",90.0,2023-02-03,,Logistics,India
Protocol Labs,SF Bay Area,89.0,2023-02-03,0.2,Crypto,United States
Built Technologies copy,Nashville,,2023-02-03,0.08,Construction,United States
Finder,"Sydney, Non-U.S.",,2023-02-03,0.15,Retail,Australia
Byju's,"Bengaluru, Non-U.S.",1500.0,2023-02-02,,Education,India
Okta,SF Bay Area,300.0,2023-02-02,0.05,Security,United States
Autodesk,SF Bay Area,250.0,2023-02-02,0.02,Other,United States
Mindstrong,SF Bay Area,127.0,2023-02-02,,Healthcare,United States
NCC Group,"Manchester, Non-U.S.",125.0,2023-02-02,0.07,Security,United Kingdom
Miro,SF Bay Area,119.0,2023-02-02,0.07,Other,United States
Getir,New York City,100.0,2023-02-02,,Food,United States
Highspot,Seattle,100.0,2023-02-02,0.1,Sales,United States
Bittrex,Seattle,80.0,2023-02-02,,Crypto,United States
Snowplow,"London, Non-U.S.",40.0,2023-02-02,,Data,United Kingdom
Articulate,New York City,38.0,2023-02-02,,Education,United States
Getaround,SF Bay Area,,2023-02-02,0.1,Transportation,United States
NCSoft,"Seoul, Non-U.S.",,2023-02-02,0.2,Consumer,South Korea
Splunk,SF Bay Area,325.0,2023-02-01,0.04,Data,United States
Pinterest,SF Bay Area,150.0,2023-02-01,,Consumer,United States
DraftKings,Boston,140.0,2023-02-01,0.04,Consumer,United States
Cyren,Washington D.C.,121.0,2023-02-01,,Security,United States
Workato,SF Bay Area,90.0,2023-02-01,0.1,Other,United States
VerticalScope,"Toronto, Non-U.S.",60.0,2023-02-01,0.22,Media,Canada
Wheel,Austin,56.0,2023-02-01,0.28,Healthcare,United States
Chainalysis,New York City,44.0,2023-02-01,0.05,Crypto,United States
Appgate,Miami,34.0,2023-02-01,0.08,Security,United States
Exterro,Portland,24.0,2023-02-01,0.03,Legal,United States
TheSkimm,New York City,17.0,2023-02-01,0.1,Media,United States
Bustle Digital Group,New York City,,2023-02-01,0.08,Media,United States
Frequency Therapeutics,Boston,,2023-02-01,0.5,Healthcare,United States
MariaDB,"Helsinki, Non-U.S.",,2023-02-01,0.08,Data,Finland
Match Group,New York City,,2023-02-01,0.08,Consumer,United States
Rivian,Detroit,,2023-02-01,0.06,Transportation,United States
PayPal,SF Bay Area,2000.0,2023-01-31,0.07,Finance,United States
NetApp,SF Bay Area,960.0,2023-01-31,0.08,Data,United States
Workday,SF Bay Area,525.0,2023-01-31,0.03,HR,United States
HubSpot,Boston,500.0,2023-01-31,0.07,Marketing,United States
Upstart,SF Bay Area,365.0,2023-01-31,0.2,Finance,United States
Software AG,"Frankfurt, Non-U.S.",200.0,2023-01-31,0.04,Data,Germany
Wish,SF Bay Area,150.0,2023-01-31,0.17,Retail,United States
Wefox,"Berlin, Non-U.S.",100.0,2023-01-31,,Finance,Germany
Tilting Point,New York City,60.0,2023-01-31,0.14,Consumer,United States
Gokada,"Lagos, Non-U.S.",54.0,2023-01-31,,Transportation,Nigeria
Nubank,"Sao Paulo, Non-U.S.",40.0,2023-01-31,,Finance,Brazil
AU10TIX,"Tel Aviv, Non-U.S.",19.0,2023-01-31,0.09,Security,Israel
National Instruments,Austin,,2023-01-31,0.04,Hardware,United States
OpenText,"Waterloo, Non-U.S.",,2023-01-31,0.08,Data,Canada
Philips,"Amsterdam, Non-U.S.",6000.0,2023-01-30,0.13,Healthcare,Netherlands
OLX Group,"Amsterdam, Non-U.S.",1500.0,2023-01-30,0.15,Marketing,Netherlands
Arrival,"London, Non-U.S.",800.0,2023-01-30,0.5,Transportation,United Kingdom
Groupon,Chicago,500.0,2023-01-30,,Retail,United States
Intel,SF Bay Area,343.0,2023-01-30,,Hardware,United States
Glovo,"Barcelona, Non-U.S.",250.0,2023-01-30,0.06,Food,Spain
Delivery Hero,"Berlin, Non-U.S.",156.0,2023-01-30,0.04,Food,Germany
Impossible Foods,SF Bay Area,140.0,2023-01-30,0.2,Food,United States
Chrono24,"Karlsruhe, Non-U.S.",65.0,2023-01-30,0.13,Retail,Germany
BM Technologies,Philadelphia,,2023-01-30,0.25,Finance,United States
Prime Trust,Las Vegas,,2023-01-30,0.33,Crypto,United States
Quantum SI,New Haven,,2023-01-30,0.12,Healthcare,United States
Me Poupe,"Sao Paulo, Non-U.S.",60.0,2023-01-28,0.5,Finance,Brazil
CoinTracker,SF Bay Area,19.0,2023-01-28,,Crypto,United States
SSense,"Montreal, Non-U.S.",138.0,2023-01-27,0.07,Retail,Canada
DealShare,"Bengaluru, Non-U.S.",100.0,2023-01-27,0.06,Retail,India
Ruggable,Los Angeles,100.0,2023-01-27,,Retail,United States
Synopsys,SF Bay Area,100.0,2023-01-27,,Other,United States
Heycar,"Berlin, Non-U.S.",73.0,2023-01-27,,Transportation,Germany
Matrixport,"Singapore, Non-U.S.",29.0,2023-01-27,0.1,Crypto,Singapore
Shakepay,"Montreal, Non-U.S.",21.0,2023-01-27,0.25,Crypto,Canada
#Paid,"Toronto, Non-U.S.",19.0,2023-01-27,0.17,Marketing,Canada
Soundwide,"Berlin, Non-U.S.",,2023-01-27,0.08,Other,Germany
SAP,"Walldorf, Non-U.S.",3000.0,2023-01-26,0.03,Other,Germany
Confluent,SF Bay Area,221.0,2023-01-26,0.08,Data,United States
Glisser,"London, Non-U.S.",25.0,2023-01-26,1.0,Travel,United Kingdom
DriveWealth,Jersey City,,2023-01-26,0.2,Finance,United States
Mode Global,"London, Non-U.S.",,2023-01-26,1.0,Finance,United Kingdom
Plus One Robotics,San Antonio,,2023-01-26,0.1,Other,United States
IBM,New York City,3900.0,2023-01-25,0.02,Hardware,United States
Lam Research,SF Bay Area,1300.0,2023-01-25,0.07,Hardware,United States
Shutterfly,SF Bay Area,360.0,2023-01-25,,Retail,United States
Luno,"London, Non-U.S.",330.0,2023-01-25,0.35,Crypto,United Kingdom
Clear Capital,Reno,250.0,2023-01-25,0.25,Real Estate,United States
Guardant Health,SF Bay Area,130.0,2023-01-25,0.07,Healthcare,United States
SirionLabs,Seattle,130.0,2023-01-25,0.15,Legal,United States
Tier Mobility,"Berlin, Non-U.S.",80.0,2023-01-25,0.07,Transportation,Germany
PagSeguro,"Sao Paulo, Non-U.S.",,2023-01-25,0.07,Finance,Brazil
Prosus,"Amsterdam, Non-U.S.",,2023-01-25,0.3,Other,Netherlands
Vacasa,Portland,1300.0,2023-01-24,0.17,Travel,United States
Innovaccer,SF Bay Area,245.0,2023-01-24,0.15,Healthcare,United States
Bolt,SF Bay Area,50.0,2023-01-24,0.1,Finance,United States
PartnerStack,"Toronto, Non-U.S.",40.0,2023-01-24,0.2,Sales,Canada
Gitpod,"Kiel, Non-U.S.",21.0,2023-01-24,0.28,Product,Germany
OFFOR Health,Columbus,16.0,2023-01-24,,Healthcare,United States
Venngage,"Toronto, Non-U.S.",11.0,2023-01-24,0.2,Marketing,Canada
CoachHub,"Berlin, Non-U.S.",,2023-01-24,0.1,HR,Germany
Corvus Insurance,Boston,,2023-01-24,0.14,Finance,United States
PagerDuty,SF Bay Area,,2023-01-24,0.07,Product,United States
Scoro,"London, Non-U.S.",,2023-01-24,0.09,HR,United Kingdom
Spotify,"Stockholm, Non-U.S.",600.0,2023-01-23,0.06,Media,Sweden
Uber Freight,SF Bay Area,150.0,2023-01-23,0.03,Logistics,United States
Inmobi,"Bengaluru, Non-U.S.",50.0,2023-01-23,,Marketing,India
Innovid,New York City,40.0,2023-01-23,0.1,Marketing,United States
Booktopia,"Sydney, Non-U.S.",30.0,2023-01-23,,Retail,Australia
Ermetic,SF Bay Area,30.0,2023-01-23,0.17,Security,United States
Namogoo,"Tel Aviv, Non-U.S.",20.0,2023-01-23,0.15,Marketing,Israel
Camp K12,"Gurugram, Non-U.S.",,2023-01-23,0.7000000000000001,Education,India
Gemini,New York City,,2023-01-23,0.1,Crypto,United States
Yext,New York City,,2023-01-23,0.08,Marketing,United States
Google,SF Bay Area,12000.0,2023-01-20,0.06,Consumer,United States
Wayfair,Boston,1750.0,2023-01-20,0.1,Retail,United States
Swiggy,"Bengaluru, Non-U.S.",380.0,2023-01-20,0.06,Food,India
MediBuddy,"Bengaluru, Non-U.S.",200.0,2023-01-20,0.08,Healthcare,India
Vox Media,Washington D.C.,130.0,2023-01-20,0.07,Media,United States
BitTorrent,SF Bay Area,92.0,2023-01-20,,Infrastructure,United States
Karat,Seattle,47.0,2023-01-20,,HR,United States
Enjoei,"Sao Paulo, Non-U.S.",31.0,2023-01-20,0.1,Retail,Brazil
Edifecs,Seattle,30.0,2023-01-20,,Healthcare,United States
Citrine Informatics,SF Bay Area,22.0,2023-01-20,0.27,Data,United States
Cyteir Therapeutics,Boston,,2023-01-20,0.7000000000000001,Healthcare,United States
Capital One,Washington D.C.,1100.0,2023-01-19,,Finance,United States
Proterra,SF Bay Area,300.0,2023-01-19,,Transportation,United States
WeWork ,New York City,300.0,2023-01-19,,Real Estate,United States
Hubilo,SF Bay Area,115.0,2023-01-19,0.35,Other,United States
Saks.com,New York City,100.0,2023-01-19,0.05,Retail,United States
CS Disco,Austin,62.0,2023-01-19,0.09,Legal,United States
Riot Games,Los Angeles,46.0,2023-01-19,,Consumer,United States
Hydrow,Boston,30.0,2023-01-19,,Fitness,United States
Earth Rides,Nashville,,2023-01-19,1.0,Transportation,United States
Magnite,Los Angeles,,2023-01-19,0.06,Marketing,United States
Mudafy,"Mexico City, Non-U.S.",,2023-01-19,0.7000000000000001,Real Estate,Mexico
Personalis,SF Bay Area,,2023-01-19,0.3,Healthcare,United States
Prisma,SF Bay Area,,2023-01-19,0.28,Data,United States
Wallbox,"Barcelona, Non-U.S.",,2023-01-19,0.15,Energy,Spain
Microsoft,Seattle,10000.0,2023-01-18,0.05,Other,United States
Sophos,"Oxford, Non-U.S.",450.0,2023-01-18,0.1,Security,United Kingdom
Teladoc Health,New York City,300.0,2023-01-18,0.06,Healthcare,United States
Vroom,New York City,275.0,2023-01-18,0.2,Transportation,United States
8x8,SF Bay Area,155.0,2023-01-18,0.07,Support,United States
Pagaya,"Tel Aviv, Non-U.S.",140.0,2023-01-18,0.2,Finance,Israel
Benevity,"Calgary, Non-U.S.",137.0,2023-01-18,0.14,Other,Canada
Inspirato,Denver,109.0,2023-01-18,0.12,Travel,United States
Jumpcloud,Boulder,100.0,2023-01-18,0.12,Security,United States
nCino,Wilmington,100.0,2023-01-18,0.07,Finance,United States
Starry,Boston,100.0,2023-01-18,0.24,Other,United States
Hootsuite,"Vancouver, Non-U.S.",70.0,2023-01-18,0.07,Marketing,Canada
Clue,"Berlin, Non-U.S.",31.0,2023-01-18,0.31,Healthcare,Germany
Addepar,SF Bay Area,20.0,2023-01-18,0.03,Finance,United States
80 Acres Farms,Cincinnati,,2023-01-18,0.1,Food,United States
Aiven,"Helsinki, Non-U.S.",,2023-01-18,0.2,Infrastructure,Finland
Bally's Interactive,Providence,,2023-01-18,0.15,Consumer,United States
Betterfly,"Santiago, Non-U.S.",,2023-01-18,0.3,Healthcare,Chile
Lucid Diagnostics,New York City,,2023-01-18,0.2,Healthcare,United States
Redbubble,"Melbourne, Non-U.S.",,2023-01-18,0.14,Retail,Australia
Lightspeed Commerce,"Montreal, Non-U.S.",300.0,2023-01-17,0.1,Retail,Canada
Unity,SF Bay Area,284.0,2023-01-17,0.03,Other,United States
Britishvolt,"London, Non-U.S.",206.0,2023-01-17,1.0,Transportation,United Kingdom
Clutch,"Toronto, Non-U.S.",150.0,2023-01-17,,Transportation,Canada
Exotel,"Bengaluru, Non-U.S.",142.0,2023-01-17,0.15,Support,India
Unico,"Sao Paulo, Non-U.S.",110.0,2023-01-17,0.1,Other,Brazil
Tul,"Bogota, Non-U.S.",100.0,2023-01-17,,Construction,Colombia
American Robotics,Boston,50.0,2023-01-17,0.65,Other,United States
Luxury Presence,Los Angeles,44.0,2023-01-17,,Real Estate,United States
RingCentral,SF Bay Area,30.0,2023-01-17,,Other,United States
GoMechanic,"Gurugram, Non-U.S.",,2023-01-17,0.7000000000000001,Transportation,India
LiveVox,SF Bay Area,,2023-01-17,0.16,Support,United States
PagBank,"Sao Paulo, Non-U.S.",500.0,2023-01-16,0.07,Finance,Brazil
ShareChat,"Bengaluru, Non-U.S.",500.0,2023-01-16,0.2,Consumer,India
Gramophone,"Indore, Non-U.S.",75.0,2023-01-16,,Food,India
ClearCo,"Toronto, Non-U.S.",50.0,2023-01-16,0.3,Finance,Canada
Dunzo,"Bengaluru, Non-U.S.",,2023-01-16,0.03,Food,India
Ignition,"Sydney, Non-U.S.",,2023-01-16,0.1,Finance,Australia
Rebel Foods,"Mumbai, Non-U.S.",,2023-01-16,0.02,Food,India
Captain Fresh ,"Bengaluru, Non-U.S.",120.0,2023-01-15,,Food,India
Snappy,New York City,100.0,2023-01-15,0.3,Marketing,United States
BharatAgri,"Mumbai, Non-U.S.",40.0,2023-01-15,0.43,Food,India
DeHaat,"Patna, Non-U.S.",,2023-01-15,0.05,Food,India
Black Shark,"Shenzen, Non-U.S.",900.0,2023-01-13,,Hardware,China
Ola,"Bengaluru, Non-U.S.",200.0,2023-01-13,,Transportation,India
Bonterra ,Austin,140.0,2023-01-13,0.1,Other,United States
Vial,SF Bay Area,40.0,2023-01-13,,Healthcare,United States
Arch Oncology,Brisbane,,2023-01-13,1.0,Healthcare,United States
Jellyfish,Boston,,2023-01-13,0.09,Product,United States
Lending Club,SF Bay Area,225.0,2023-01-12,0.14,Finance,United States
SmartNews,"Tokyo, Non-U.S.",120.0,2023-01-12,0.4,Media,Japan
Skit.ai,"Bengaluru, Non-U.S.",115.0,2023-01-12,,Support,India
Pier,"Sao Paulo, Non-U.S.",111.0,2023-01-12,0.39,Finance,Brazil
Blockchain.com,"London, Non-U.S.",110.0,2023-01-12,0.28,Crypto,United Kingdom
Lattice,SF Bay Area,105.0,2023-01-12,0.15,HR,United States
Greenlight,Atlanta,104.0,2023-01-12,0.21,Finance,United States
Cashfree Payments,Bengaluru,100.0,2023-01-12,,Finance,India
Mapbox,Washington D.C.,64.0,2023-01-12,,Data,United States
Definitive Healthcare,Boston,55.0,2023-01-12,0.06,Healthcare,United States
Akili Labs,Boston,46.0,2023-01-12,0.3,Healthcare,United States
Career Karma,SF Bay Area,22.0,2023-01-12,,Education,United States
Crypto.com,"Singapore, Non-U.S.",,2023-01-12,0.2,Crypto,Singapore
Life360,SF Bay Area,,2023-01-12,0.14,Consumer,United States
Rock Content,Miami,,2023-01-12,0.15,Marketing,United States
Flexport,SF Bay Area,640.0,2023-01-11,0.2,Logistics,United States
Qualtrics,Salt Lake City,270.0,2023-01-11,0.05,Other,United States
Verily,SF Bay Area,250.0,2023-01-11,0.15,Healthcare,United States
Tipalti,SF Bay Area,123.0,2023-01-11,0.11,Finance,United States
Jumio,SF Bay Area,100.0,2023-01-11,0.06,Security,United States
CoinDCX,Mumbai,80.0,2023-01-11,,Crypto,India
HashiCorp,SF Bay Area,69.0,2023-01-11,,Security,United States
Embark Vet,Boston,41.0,2023-01-11,,Healthcare,United States
Intrinsic,SF Bay Area,40.0,2023-01-11,0.2,Other,United States
Citizen,New York City,33.0,2023-01-11,,Consumer,United States
Carta,SF Bay Area,,2023-01-11,0.1,HR,United States
Limeade,Seattle,,2023-01-11,0.15,HR,United States
Paddle,"London, Non-U.S.",,2023-01-11,0.08,Finance,United Kingdom
Coinbase,SF Bay Area,950.0,2023-01-10,0.2,Crypto,United States
Informatica,SF Bay Area,450.0,2023-01-10,0.07,Data,United States
Blend,SF Bay Area,340.0,2023-01-10,0.28,Finance,United States
Till Payments,"Sydney, Non-U.S.",120.0,2023-01-10,,Finance,Australia
ConsenSys,New York City,100.0,2023-01-10,0.11,Crypto,United States
ForeScout,"Tel Aviv, Non-U.S.",100.0,2023-01-10,0.1,Security,Israel
Thinkific,"Vancouver, Non-U.S.",76.0,2023-01-10,0.19,Education,Canada
LEAD,"Mumbai, Non-U.S.",60.0,2023-01-10,,Education,India
Parler,Nashville,60.0,2023-01-10,0.75,Consumer,United States
GoBolt,"Toronto, Non-U.S.",55.0,2023-01-10,0.05,Logistics,Canada
Relevel,"Bengaluru, Non-U.S.",40.0,2023-01-10,0.2,HR,India
StreamElements,"Tel Aviv, Non-U.S.",40.0,2023-01-10,0.2,Media,Israel
Cart.com,Austin,25.0,2023-01-10,0.04,Retail,United States
Beamery,"London, Non-U.S.",,2023-01-10,0.12,HR,United Kingdom
Citrix,Miami,,2023-01-10,0.15,Infrastructure,United States
Esper,Seattle,,2023-01-10,0.21,Other,United States
WHOOP,Boston,,2023-01-10,0.04,Fitness,United States
Fate Therapeutics,San Diego,315.0,2023-01-09,0.5700000000000001,Healthcare,United States
Editas Medicine,Boston,,2023-01-09,0.2,Healthcare,United States
Scale AI,SF Bay Area,,2023-01-09,0.2,Data,United States
Minute Media,"London, Non-U.S.",50.0,2023-01-08,0.1,Media,United Kingdom
WalkMe,SF Bay Area,43.0,2023-01-08,0.03,Other,United States
Huobi,"Beijing, Non-U.S.",275.0,2023-01-06,0.2,Crypto,China
Carbon Health,SF Bay Area,200.0,2023-01-06,,Healthcare,United States
Bounce,"Bengaluru, Non-U.S.",40.0,2023-01-06,0.05,Transportation,India
Lantern,Grand Rapids,,2023-01-06,1.0,Retail,United States
Mojo Vision,SF Bay Area,,2023-01-06,0.75,Hardware,United States
SuperRare,Wilmington,,2023-01-06,0.3,Crypto,United States
Cue,San Diego,388.0,2023-01-05,,Healthcare,United States
SoundHound,SF Bay Area,200.0,2023-01-05,0.5,Other,United States
Socure,Reno,104.0,2023-01-05,0.19,Finance,United States
Genesis,New York City,60.0,2023-01-05,0.3,Crypto,United States
Moglix,Singapore,40.0,2023-01-05,0.02,Retail,Singapore
Twitter,SF Bay Area,40.0,2023-01-05,,Consumer,United States
Everlane,SF Bay Area,30.0,2023-01-05,0.17,Retail,United States
Pecan AI,"Tel Aviv, Non-U.S.",30.0,2023-01-05,0.25,Data,Israel
Personetics,New York City,30.0,2023-01-05,0.08,Support,United States
Twine Solutions ,"Tel Aviv, Non-U.S.",30.0,2023-01-05,0.33,Hardware,Israel
UpScalio,Gurugram,25.0,2023-01-05,0.15,Retail,India
Attentive,New York City,,2023-01-05,0.15,Marketing,United States
Stitch Fix,SF Bay Area,,2023-01-05,0.2,Retail,United States
TCR2,Boston,,2023-01-05,0.4,Healthcare,United States
Amazon,Seattle,8000.0,2023-01-04,0.02,Retail,United States
Salesforce,SF Bay Area,8000.0,2023-01-04,0.1,Sales,United States
Astronomer,Cincinnati,76.0,2023-01-04,0.2,Data,United States
Kaltura,New York City,75.0,2023-01-04,0.11,Media,United States
Augury,New York City,20.0,2023-01-04,0.05,Manufacturing,United States
Butterfly Network,Boston,,2023-01-04,0.25,Healthcare,United States
Vimeo,New York City,,2023-01-04,0.11,Consumer,United States
Wyre,SF Bay Area,,2023-01-04,1.0,Crypto,United States
Pegasystems,Boston,245.0,2023-01-03,0.04,HR,United States
Uniphore,SF Bay Area,76.0,2023-01-03,0.1,Support,United States
Harappa,"New Delhi, Non-U.S.",60.0,2023-01-03,0.3,Education,India
Bytedance,"Shanghai, Non-U.S.",,2023-01-03,0.1,Consumer,China
Amdocs,St. Louis,700.0,2023-01-02,0.03,Support,United States
Micron,Boise,4800.0,2023-01-01,0.1,Hardware,United States
Ezoic,San Diego,35.0,2022-12-31,,Infrastructure,United States
Gousto,"London, Non-U.S.",,2022-12-31,0.14,Food,United Kingdom
Bilibili,"Shanghai, Non-U.S.",,2022-12-27,0.3,Media,China
Octopus Network,"Beau Vallon, Non-U.S.",,2022-12-27,0.4,Crypto,Seychelles
PayU,"Amsterdam, Non-U.S.",150.0,2022-12-26,0.06,Finance,Netherlands
Element,"London, Non-U.S.",,2022-12-25,0.15,Other,United Kingdom
Willow,"Sydney, Non-U.S.",99.0,2022-12-23,0.22,Real Estate,Australia
Back Market,"Paris, Non-U.S.",93.0,2022-12-23,0.13,Retail,France
Zoopla,"London, Non-U.S.",50.0,2022-12-23,,Real Estate,United Kingdom
Qualcomm,San Diego,153.0,2022-12-22,,Hardware,United States
TuSimple,San Diego,350.0,2022-12-21,0.25,Transportation,United States
Lendis,"Berlin, Non-U.S.",,2022-12-21,0.5,Other,Germany
Chope,"Singapore, Non-U.S.",65.0,2022-12-20,0.24,Food,Singapore
Briza,"Toronto, Non-U.S.",26.0,2022-12-20,0.4,Finance,Canada
Zhihu,"Beijing, Non-U.S.",,2022-12-20,0.1,Consumer,China
Homebot,Denver,18.0,2022-12-19,0.13,Real Estate,United States
YourGrocer,"Melbourne, Non-U.S.",,2022-12-19,1.0,Food,Australia
Tomorrow,"Hamburg, Non-U.S.",30.0,2022-12-16,0.25,Finance,Germany
Revelate,"Montreal, Non-U.S.",24.0,2022-12-16,0.3,Data,Canada
Improbable,"London, Non-U.S.",,2022-12-16,0.1,Other,United Kingdom
Modern Treasury,SF Bay Area,,2022-12-16,0.18,Finance,United States
Reach,"Calgary, Non-U.S.",,2022-12-16,0.12,Retail,Canada
SonderMind,Denver,,2022-12-16,0.15,Healthcare,United States
BigCommerce,Austin,180.0,2022-12-15,0.13,Retail,United States
Freshworks,SF Bay Area,90.0,2022-12-15,0.02,Support,United States
LeafLink,New York City,80.0,2022-12-15,0.31,Other,United States
Workmotion,"Berlin, Non-U.S.",60.0,2022-12-15,0.2,HR,Germany
Apollo,SF Bay Area,,2022-12-15,0.15,Product,United States
JD.ID,"Jakarta, Non-U.S.",200.0,2022-12-14,0.3,Retail,Indonesia
GoStudent,"Vienna, Non-U.S.",100.0,2022-12-14,,Education,Austria
Quanergy Systems,SF Bay Area,72.0,2022-12-14,,Transportation,United States
Headspace,Los Angeles,50.0,2022-12-14,0.04,Healthcare,United States
ChowNow,Los Angeles,40.0,2022-12-14,0.1,Food,United States
Thumbtack,SF Bay Area,160.0,2022-12-13,0.14,Consumer,United States
Edgio,Phoenix,95.0,2022-12-13,0.1,Infrastructure,United States
Komodo Health,SF Bay Area,78.0,2022-12-13,0.09,Healthcare,United States
Viant,Los Angeles,46.0,2022-12-13,0.13,Marketing,United States
Pluralsight,Salt Lake City,400.0,2022-12-12,0.2,Education,United States
Freshly,Phoenix,329.0,2022-12-12,,Food,United States
Balto,St. Louis,35.0,2022-12-12,,Sales,United States
Outschool,SF Bay Area,43.0,2022-12-10,0.25,Education,United States
Xentral,"Munich, Non-U.S.",20.0,2022-12-10,0.1,Product,Germany
Playtika,"Tel Aviv, Non-U.S.",600.0,2022-12-09,0.15,Consumer,Israel
Bol.com,"Utrecht, Non-U.S.",300.0,2022-12-09,0.1,Retail,Netherlands
Share Now,"Berlin, Non-U.S.",150.0,2022-12-09,0.36,Transportation,Germany
Alice,"Sao Paulo, Non-U.S.",113.0,2022-12-09,0.16,Healthcare,Brazil
Primer,"London, Non-U.S.",85.0,2022-12-09,0.33,Finance,United Kingdom
OneFootball,"Berlin, Non-U.S.",62.0,2022-12-09,0.115,Marketing,Germany
C2FO,Kansas City,20.0,2022-12-09,0.02,Finance,United States
Brodmann17,"Tel Aviv, Non-U.S.",,2022-12-09,1.0,Other,Israel
Digital Surge,"Brisbane, Non-U.S.",,2022-12-09,1.0,Crypto,Australia
ZenLedger,Seattle,,2022-12-09,0.1,Crypto,United States
Airtable,SF Bay Area,254.0,2022-12-08,0.2,Product,United States
Swiggy,"Bengaluru, Non-U.S.",250.0,2022-12-08,0.03,Food,India
Glints,"Singapore, Non-U.S.",198.0,2022-12-08,0.18,HR,Singapore
Buser,"Sao Paulo, Non-U.S.",160.0,2022-12-08,0.3,Transportation,Brazil
BlackLine,Los Angeles,95.0,2022-12-08,0.05,Finance,United States
Chrono24,"Karlsruhe, Non-U.S.",80.0,2022-12-08,,Retail,Germany
Otonomo,"Tel Aviv, Non-U.S.",80.0,2022-12-08,0.5,Transportation,Israel
TechTarget,Boston,60.0,2022-12-08,0.05,Marketing,United States
Inscripta,Boulder,43.0,2022-12-08,,Healthcare,United States
CyCognito,SF Bay Area,30.0,2022-12-08,0.15,Security,United States
Armis,SF Bay Area,25.0,2022-12-08,0.04,Security,United States
Bakkt,Atlanta,,2022-12-08,0.15,Crypto,United States
Blue Apron,New York City,,2022-12-08,0.1,Food,United States
Nerdy,St. Louis,,2022-12-08,0.17,Education,United States
Vanta,SF Bay Area,,2022-12-08,0.14,Security,United States
Vedantu,"Bengaluru, Non-U.S.",385.0,2022-12-07,,Education,India
Loft,"Sao Paulo, Non-U.S.",312.0,2022-12-07,0.12,Real Estate,Brazil
Plaid,SF Bay Area,260.0,2022-12-07,0.2,Finance,United States
Motive,SF Bay Area,237.0,2022-12-07,0.06,Transportation,United States
Recur Forever,Miami,235.0,2022-12-07,,Crypto,United States
Relativity,Chicago,150.0,2022-12-07,0.1,Legal,United States
Voi,"Stockholm, Non-U.S.",130.0,2022-12-07,0.13,Transportation,Sweden
Integral Ad Science,New York City,120.0,2022-12-07,0.13,Marketing,United States
Houzz,SF Bay Area,95.0,2022-12-07,0.08,Consumer,United States
Grover,"Berlin, Non-U.S.",40.0,2022-12-07,0.1,Retail,Germany
Lev,New York City,30.0,2022-12-07,0.3,Real Estate,United States
Lithic,New York City,27.0,2022-12-07,0.18,Finance,United States
CircleCI,SF Bay Area,,2022-12-07,0.17,Product,United States
Sayurbox,"Jakarta, Non-U.S.",,2022-12-07,0.05,Food,Indonesia
Doma,SF Bay Area,515.0,2022-12-06,0.4,Finance,United States
Intel,SF Bay Area,201.0,2022-12-06,,Hardware,United States
BuzzFeed,New York City,180.0,2022-12-06,0.12,Media,United States
Weedmaps,Los Angeles,175.0,2022-12-06,0.25,Other,United States
Adobe,SF Bay Area,100.0,2022-12-06,,Marketing,United States
Chipper Cash,SF Bay Area,50.0,2022-12-06,0.125,Finance,United States
Stash,New York City,32.0,2022-12-06,0.08,Finance,United States
Perimeter 81,"Tel Aviv, Non-U.S.",20.0,2022-12-06,0.08,Security,Israel
Koinly,"London, Non-U.S.",16.0,2022-12-06,0.14,Crypto,United Kingdom
Bridgit,"Waterloo, Non-U.S.",13.0,2022-12-06,0.13,Construction,Canada
Nextiva,Phoenix,,2022-12-06,0.17,Other,United States
OneStudyTeam,Boston,,2022-12-06,0.25,Healthcare,United States
Zuora,SF Bay Area,,2022-12-06,0.11,Finance,United States
Swyftx,"Brisbane, Non-U.S.",90.0,2022-12-05,0.4,Crypto,Australia
Aqua Security,Boston,65.0,2022-12-05,0.1,Security,United States
DataRails,"Tel Aviv, Non-U.S.",30.0,2022-12-05,0.18,Finance,Israel
OYO,"Gurugram, Non-U.S.",600.0,2022-12-03,,Travel,India
HealthifyMe,Bengaluru,150.0,2022-12-03,,Fitness,India
Bybit,"Singapore, Non-U.S.",,2022-12-03,0.3,Crypto,Singapore
Cognyte,"Tel Aviv, Non-U.S.",100.0,2022-12-02,0.05,Security,Israel
ShareChat,"Bengaluru, Non-U.S.",100.0,2022-12-02,,Consumer,India
Polly,Burlington,47.0,2022-12-02,0.15,Finance,United States
Lora DiCarlo,Bend,,2022-12-02,1.0,Consumer,United States
Carousell,"Singapore, Non-U.S.",110.0,2022-12-01,0.1,Retail,Singapore
Bizzabo,New York City,100.0,2022-12-01,0.37,Marketing,United States
BloomTech,SF Bay Area,88.0,2022-12-01,0.5,Education,United States
Netlify,SF Bay Area,48.0,2022-12-01,0.16,Product,United States
Springbig,Miami,37.0,2022-12-01,0.23,Sales,United States
Podium,Lehi,,2022-12-01,0.12,Support,United States
SQZ Biotech,Boston,,2022-12-01,0.6,Healthcare,United States
Strava,SF Bay Area,,2022-12-01,0.14,Fitness,United States
Synlogic,Boston,,2022-12-01,0.25,Healthcare,United States
DoorDash,SF Bay Area,1250.0,2022-11-30,0.06,Food,United States
Kraken,SF Bay Area,1100.0,2022-11-30,0.3,Crypto,United States
Happy Money,Los Angeles,158.0,2022-11-30,0.34,Finance,United States
Ula,"Jakarta, Non-U.S.",134.0,2022-11-30,0.23,Retail,Indonesia
Wonder,New York City,130.0,2022-11-30,0.07,Food,United States
StudySmarter,"Berlin, Non-U.S.",70.0,2022-11-30,,Education,Germany
Grin,Sacramento,60.0,2022-11-30,0.13,Marketing,United States
Ualá,"Buenos Aires, Non-U.S.",53.0,2022-11-30,0.03,Finance,Argentina
Teachmint,"Bengaluru, Non-U.S.",45.0,2022-11-30,0.05,Education,India
Etermax,"Buenos Aires, Non-U.S.",40.0,2022-11-30,,Other,Argentina
Thread,"London, Non-U.S.",30.0,2022-11-30,0.5,Retail,United Kingdom
Nexar,New York City,25.0,2022-11-30,,Transportation,United States
Elastic,SF Bay Area,,2022-11-30,0.13,Data,United States
Sana,Seattle,,2022-11-30,0.15,Healthcare,United States
Bitso,"Mexico City, Non-U.S.",100.0,2022-11-29,,Crypto,Mexico
Lyst,"London, Non-U.S.",50.0,2022-11-29,0.25,Retail,United Kingdom
CoinJar,"Melbourne, Non-U.S.",10.0,2022-11-29,0.2,Crypto,Australia
Bitfront,SF Bay Area,,2022-11-29,1.0,Crypto,United States
Codexis,SF Bay Area,,2022-11-29,0.18,Healthcare,United States
Firework,SF Bay Area,,2022-11-29,0.1,Retail,United States
MessageBird,"Amsterdam, Non-U.S.",,2022-11-29,0.31,Other,Netherlands
Plerk,"Guadalajara, Non-U.S.",,2022-11-29,0.4,Finance,Mexico
Infarm,"Berlin, Non-U.S.",500.0,2022-11-28,0.5,Other,Germany
Wildlife Studios,"Sao Paulo, Non-U.S.",300.0,2022-11-28,0.2,Consumer,Brazil
Hirect,"Bengaluru, Non-U.S.",200.0,2022-11-28,0.4,Recruiting,India
ApplyBoard,"Waterloo, Non-U.S.",90.0,2022-11-28,0.06,Education,Canada
Ajaib,"Jakarta, Non-U.S.",67.0,2022-11-28,0.08,Finance,Indonesia
Candy Digital,New York City,33.0,2022-11-28,0.33,Crypto,United States
ResearchGate,"Berlin, Non-U.S.",25.0,2022-11-28,0.1,Other,Germany
BlockFi,New York City,,2022-11-28,1.0,Crypto,United States
NCX,SF Bay Area,,2022-11-28,0.4,Energy,United States
Spora Health,SF Bay Area,,2022-11-28,1.0,Healthcare,United States
Change Invest,"Amsterdam, Non-U.S.",,2022-11-27,0.24,Finance,Netherlands
VerSe Innovation,"Bengaluru, Non-U.S.",150.0,2022-11-25,0.05,Media,India
Carwow,"London, Non-U.S.",70.0,2022-11-25,0.2,Transportation,United Kingdom
Vendease,"Lagos, Non-U.S.",27.0,2022-11-25,0.09,Food,Nigeria
Lemon,"Buenos Aires, Non-U.S.",100.0,2022-11-24,0.38,Crypto,Argentina
Quidax,"Lagos, Non-U.S.",20.0,2022-11-24,0.2,Crypto,Nigeria
Assure,Salt Lake City,,2022-11-23,1.0,Finance,United States
GoodGood,"Toronto, Non-U.S.",,2022-11-23,1.0,Retail,Canada
Muni Tienda,"Bogota, Non-U.S.",,2022-11-23,1.0,Other,Colombia
SWVL,"Cairo, Non-U.S.",,2022-11-23,0.5,Transportation,Egypt
Western Digital,SF Bay Area,251.0,2022-11-22,,Hardware,United States
SIRCLO,"Jakarta, Non-U.S.",160.0,2022-11-22,0.08,Retail,Indonesia
Movidesk,"Blumenau, Non-U.S.",118.0,2022-11-22,,Support,Brazil
Trax,"Singapore, Non-U.S.",80.0,2022-11-22,0.08,Retail,Singapore
Jumia,"Lagos, Non-U.S.",900.0,2022-11-21,0.2,Retail,Nigeria
Kitopi,"Dubai, Non-U.S.",93.0,2022-11-21,0.1,Food,UAE
Devo,Boston,,2022-11-21,0.15,Security,United States
GloriFi,Dallas,,2022-11-21,1.0,Finance,United States
Zomato,"Gurugram, Non-U.S.",100.0,2022-11-19,0.04,Food,India
Carvana,Phoenix,1500.0,2022-11-18,0.08,Transportation,United States
Nuro,SF Bay Area,300.0,2022-11-18,0.2,Transportation,United States
Synthego,SF Bay Area,105.0,2022-11-18,0.2,Healthcare,United States
Splyt,"London, Non-U.S.",57.0,2022-11-18,,Transportation,United Kingdom
Capitolis,New York City,,2022-11-18,0.25,Finance,United States
StoryBlocks,Washington D.C.,,2022-11-18,0.25,Media,United States
Unchained Capital,Austin,,2022-11-18,0.15,Crypto,United States
Roku,SF Bay Area,200.0,2022-11-17,0.07,Media,United States
Orchard,New York City,180.0,2022-11-17,,Real Estate,United States
Homepoint,Phoenix,113.0,2022-11-17,,Real Estate,United States
Juni,"Gothenburg, Non-U.S.",72.0,2022-11-17,0.33,Finance,Sweden
Chili Piper,New York City,58.0,2022-11-17,,Sales,United States
Capitolis,New York City,37.0,2022-11-17,0.25,Finance,United States
TealBook,"Toronto, Non-U.S.",34.0,2022-11-17,0.19,Other,Canada
Koho,"Toronto, Non-U.S.",15.0,2022-11-17,0.04,Finance,Canada
&Open,"Dublin, Non-U.S.",9.0,2022-11-17,0.09,Marketing,Ireland
Kandji,San Diego,,2022-11-17,0.17,Other,United States
Morning Brew,New York City,,2022-11-17,0.14,Media,United States
Symend,"Calgary, Non-U.S.",,2022-11-17,0.13,Other,Canada
Amazon,Seattle,10000.0,2022-11-16,0.03,Retail,United States
Cisco,SF Bay Area,4100.0,2022-11-16,0.05,Infrastructure,United States
Twiga,"Nairobi, Non-U.S.",211.0,2022-11-16,0.21,Food,Kenya
Wayflyer,"Dublin, Non-U.S.",200.0,2022-11-16,0.4,Marketing,Ireland
Similarweb,New York City,120.0,2022-11-16,0.1,Other,United States
Salsify,Boston,90.0,2022-11-16,0.11,Retail,United States
Lokalise,Dover,76.0,2022-11-16,0.23,Other,United States
Yotpo,New York City,70.0,2022-11-16,0.09,Marketing,United States
Pear Therapeutics,Boston,59.0,2022-11-16,0.22,Healthcare,United States
D2L,"Waterloo, Non-U.S.",,2022-11-16,0.05,Education,Canada
Dance,"Berlin, Non-U.S.",,2022-11-16,0.16,Transportation,Germany
Homeward,Austin,,2022-11-16,0.25,Real Estate,United States
Hopin,"London, Non-U.S.",,2022-11-16,0.17,Other,United Kingdom
Kite,SF Bay Area,,2022-11-16,1.0,Product,United States
UiPath,New York City,241.0,2022-11-15,0.06,Data,United States
Asana,SF Bay Area,180.0,2022-11-15,0.09,Other,United States
OwnBackup,New York City,170.0,2022-11-15,0.17,Security,United States
Deliveroo Australia,"Melbourne, Victoria",120.0,2022-11-15,1.0,Food,Australia
Productboard,SF Bay Area,100.0,2022-11-15,0.2,Product,United States
Properly,"Toronto, Non-U.S.",71.0,2022-11-15,,Real Estate,Canada
Protocol,SF Bay Area,60.0,2022-11-15,1.0,Media,United States
Jimdo,"Hamburg, Non-U.S.",50.0,2022-11-15,0.16,Other,Germany
The Zebra,Austin,50.0,2022-11-15,,Finance,United States
Viber,"Luxembourg, Non-U.S.",45.0,2022-11-15,0.08,Consumer,Luxembourg
CaptivateIQ,SF Bay Area,31.0,2022-11-15,0.1,Sales,United States
Apollo Insurance,"Vancouver, Non-U.S.",,2022-11-15,0.25,Finance,Canada
Nirvana Money,Miami,,2022-11-15,1.0,Finance,United States
OfferUp,Seattle,,2022-11-15,0.19,Retail,United States
Outside,Boulder,,2022-11-15,0.12,Media,United States
Rubicon Technologies,Lexington,,2022-11-15,0.11,Other,United States
Whispir,"Melbourne, Non-U.S.",,2022-11-15,0.3,Other,Australia
Illumina,San Diego,500.0,2022-11-14,0.05,Healthcare,United States
Sema4,Stamford,500.0,2022-11-14,,Healthcare,United States
iFit,Logan,300.0,2022-11-14,0.2,Fitness,United States
Ribbon,New York City,170.0,2022-11-14,0.85,Real Estate,United States
Pipedrive,"Tallinn, Non-U.S.",143.0,2022-11-14,0.15,Sales,Estonia
Intercom,SF Bay Area,124.0,2022-11-14,0.13,Support,United States
Science 37 ,Los Angeles,90.0,2022-11-14,,Healthcare,United States
Pear Therapeutics,Boston,59.0,2022-11-14,0.22,Healthcare,United States
Cardlytics,Atlanta,51.0,2022-11-14,,Marketing,United States
Cloudinary,SF Bay Area,40.0,2022-11-14,0.08,Media,United States
Nestcoin,"Lagos, Non-U.S.",30.0,2022-11-14,,Crypto,Nigeria
Gokada,"Lagos, Non-U.S.",20.0,2022-11-14,,Transportation,Nigeria
Tricida,SF Bay Area,,2022-11-14,0.5700000000000001,Healthcare,United States
Veev,SF Bay Area,100.0,2022-11-11,0.3,Real Estate,United States
Forto,"Berlin, Non-U.S.",60.0,2022-11-11,0.08,Logistics,Germany
Offerpad,Phoenix,,2022-11-11,0.07,Real Estate,United States
GoTo Group,"Jakarta, Non-U.S.",1300.0,2022-11-10,0.12,Transportation,Indonesia
Juul,SF Bay Area,400.0,2022-11-10,0.3,Consumer,United States
Blend,SF Bay Area,100.0,2022-11-10,0.06,Finance,United States
InfluxData,SF Bay Area,65.0,2022-11-10,0.27,Data,United States
Coinbase,SF Bay Area,60.0,2022-11-10,,Crypto,United States
SoundHound,SF Bay Area,45.0,2022-11-10,0.1,Other,United States
Wistia,Boston,40.0,2022-11-10,,Marketing,United States
Ocavu,Lehi,20.0,2022-11-10,0.48,Crypto,United States
Avast,Phoenix,,2022-11-10,0.25,Security,United States
SendCloud,"Eindhoven, Non-U.S.",,2022-11-10,0.1,Logistics,Netherlands
Wavely,SF Bay Area,,2022-11-10,1.0,HR,United States
Meta,SF Bay Area,11000.0,2022-11-09,0.13,Consumer,United States
Redfin,Seattle,862.0,2022-11-09,0.13,Real Estate,United States
Flyhomes,Seattle,300.0,2022-11-09,0.4,Real Estate,United States
AvantStay,Los Angeles,144.0,2022-11-09,0.22,Travel,United States
Root Insurance,Columbus,137.0,2022-11-09,0.2,Finance,United States
Liftoff,SF Bay Area,130.0,2022-11-09,0.15,Marketing,United States
Cameo,Chicago,80.0,2022-11-09,,Consumer,United States
Plum,"Bengaluru, Non-U.S.",36.0,2022-11-09,0.1,Healthcare,India
Kabam,SF Bay Area,35.0,2022-11-09,0.07,Consumer,United States
HighRadius,"Bengaluru, Non-U.S.",25.0,2022-11-09,,Finance,India
Namogoo,"Tel Aviv, Non-U.S.",25.0,2022-11-09,0.15,Marketing,Israel
CloudFactory,"Nairobi, Non-U.S.",,2022-11-09,0.12,Data,Kenya
Faze Medicines,Boston,,2022-11-09,1.0,Healthcare,United States
RingCentral,SF Bay Area,,2022-11-09,0.1,Other,United States
EverBridge,Boston,200.0,2022-11-08,,Other,United States
Repertoire Immune Medicines,Boston,65.0,2022-11-08,0.5,Healthcare,United States
Astra,SF Bay Area,,2022-11-08,0.16,Aerospace,United States
NanoString,Seattle,,2022-11-08,0.1,Healthcare,United States
SADA,Los Angeles,,2022-11-08,0.11,Other,United States
Salesforce,SF Bay Area,1000.0,2022-11-07,0.01,Sales,United States
Unacademy,"Bengaluru, Non-U.S.",350.0,2022-11-07,0.1,Education,India
Zendesk,SF Bay Area,350.0,2022-11-07,0.05,Support,United States
Dock,"Sao Paulo, Non-U.S.",190.0,2022-11-07,0.12,Finance,Brazil
Code42,Minneapolis,,2022-11-07,0.15,Security,United States
Domino Data Lab,SF Bay Area,,2022-11-07,0.25,Data,United States
Varonis,New York City,110.0,2022-11-06,0.05,Security,United States
Brainly,"Krakow, Non-U.S.",25.0,2022-11-06,,Education,Poland
Twitter,SF Bay Area,3700.0,2022-11-04,0.5,Consumer,United States
Udaan,"Bengaluru, Non-U.S.",350.0,2022-11-04,,Retail,India
Planetly,"Berlin, Non-U.S.",200.0,2022-11-04,1.0,Other,Germany
KoinWorks,"Jakarta, Non-U.S.",70.0,2022-11-04,0.08,Finance,Indonesia
Exodus,Nebraska City,59.0,2022-11-04,0.22,Crypto,United States
Benitago Group,New York City,,2022-11-04,0.14,Retail,United States
Mythical Games,Los Angeles,,2022-11-04,0.1,Crypto,United States
Stripe,SF Bay Area,1000.0,2022-11-03,0.14,Finance,United States
Lyft,SF Bay Area,700.0,2022-11-03,0.13,Transportation,United States
LendingTree,Charlotte,200.0,2022-11-03,,Finance,United States
Pleo,"Copenhagen, Non-U.S.",150.0,2022-11-03,0.15,Finance,Denmark
Delivery Hero,"Berlin, Non-U.S.",100.0,2022-11-03,,Food,Germany
Shippo,SF Bay Area,60.0,2022-11-03,0.2,Logistics,United States
Affirm,SF Bay Area,,2022-11-03,0.01,Finance,United States
LiveRamp,SF Bay Area,,2022-11-03,0.1,Marketing,United States
Rubius,Boston,,2022-11-03,0.8200000000000001,Healthcare,United States
Snapdocs,SF Bay Area,,2022-11-03,0.15,Real Estate,United States
Opendoor,SF Bay Area,550.0,2022-11-02,0.18,Real Estate,United States
Chime,SF Bay Area,156.0,2022-11-02,0.12,Finance,United States
Chargebee,SF Bay Area,142.0,2022-11-02,0.1,Finance,United States
Dapper Labs,"Vancouver, Non-U.S.",134.0,2022-11-02,0.22,Crypto,Canada
Checkmarx,"Tel Aviv, Non-U.S.",100.0,2022-11-02,0.1,Security,Israel
Smava,"Berlin, Non-U.S.",100.0,2022-11-02,0.15,Finance,Germany
Iron Ox,SF Bay Area,50.0,2022-11-02,0.5,Food,United States
Digital Currency Gruop,Stamford,10.0,2022-11-02,0.13,Crypto,United States
BitMEX,Non-U.S.,,2022-11-02,0.3,Crypto,Seychelles
Argo AI,SF Bay Area,259.0,2022-11-01,,Transportation,United States
Booking.com,Grand Rapids,226.0,2022-11-01,,Travel,United States
Oracle,SF Bay Area,200.0,2022-11-01,,Other,United States
Upstart,SF Bay Area,140.0,2022-11-01,0.07,Finance,United States
Gem,SF Bay Area,100.0,2022-11-01,0.33,Recruiting,United States
Oda,"Oslo, Non-U.S.",70.0,2022-11-01,0.18,Food,Sweden
Oda,"Oslo, Non-U.S.",70.0,2022-11-01,0.18,Food,Norway
Oda,"Oslo, Non-U.S.",70.0,2022-11-01,0.06,Food,Norway
Hootsuite,"Vancouver, Non-U.S.",50.0,2022-11-01,0.05,Marketing,Canada
Drop,"Toronto, Non-U.S.",24.0,2022-11-01,,Marketing,Canada
Tapps Games,"Sao Paulo, Non-U.S.",10.0,2022-11-01,,Consumer,Brazil
Brightline,SF Bay Area,,2022-11-01,0.2,Healthcare,United States
Kry,"Stockholm, Non-U.S.",300.0,2022-10-31,0.1,Healthcare,Sweden
Notarize,Boston,60.0,2022-10-31,,Legal,United States
EquityZen,New York City,30.0,2022-10-31,0.27,Finance,United States
Equitybee,SF Bay Area,25.0,2022-10-31,0.2,Finance,United States
Dukaan,"Bengaluru, Non-U.S.",23.0,2022-10-31,,Retail,India
Doubtnut,"Gurugram, Non-U.S.",,2022-10-31,0.3,Education,India
Amazon,Seattle,150.0,2022-10-28,,Retail,United States
Fifth Season,Pittsburgh,100.0,2022-10-28,1.0,Food,United States
Advata,Seattle,32.0,2022-10-28,0.21,Healthcare,United States
Springlane,"Düsseldorf, Non-U.S.",,2022-10-28,0.35,Food,Germany
RenoRun,"Montreal, Non-U.S.",210.0,2022-10-27,0.43,Construction,Canada
Recharge,Los Angeles,84.0,2022-10-27,0.17,Finance,United States
Lattice,SF Bay Area,13.0,2022-10-27,,HR,United States
GoNuts,"Mumbai, Non-U.S.",,2022-10-27,1.0,Media,India
Seagate,SF Bay Area,3000.0,2022-10-26,0.08,Hardware,United States
MindBody,San Luis Obispo,400.0,2022-10-26,0.15,Fitness,United States
Zillow,Seattle,300.0,2022-10-26,0.05,Real Estate,United States
Cybereason,Boston,200.0,2022-10-26,0.17,Security,United States
Argo AI,Pittsburgh,173.0,2022-10-26,,Transportation,United States
GoFundMe,SF Bay Area,94.0,2022-10-26,0.12,Finance,United States
Fundbox,SF Bay Area,150.0,2022-10-25,0.42,Finance,United States
Embroker,SF Bay Area,30.0,2022-10-25,0.12,Finance,United States
Vee,"Tel Aviv, Non-U.S.",17.0,2022-10-25,0.5,HR,Israel
Callisto Media,SF Bay Area,,2022-10-25,0.35,Media,United States
Philips,"Amsterdam, Non-U.S.",4000.0,2022-10-24,0.05,Healthcare,Netherlands
Cerebral,SF Bay Area,400.0,2022-10-24,0.2,Healthcare,United States
Snyk,Boston,198.0,2022-10-24,0.14,Security,United States
McMakler,"Berlin, Non-U.S.",100.0,2022-10-24,,Real Estate,Germany
Unico,"Sao Paulo, Non-U.S.",50.0,2022-10-24,0.04,Other,Brazil
OrCam,"Jerusalem, Non-U.S.",62.0,2022-10-23,0.16,Healthcare,Israel
Antidote Health,"Tel Aviv, Non-U.S.",23.0,2022-10-23,0.38,Healthcare,Israel
Khoros,Austin,120.0,2022-10-21,0.1,Sales,United States
F5,Seattle,100.0,2022-10-21,0.01,Security,United States
Elinvar,"Berlin, Non-U.S.",43.0,2022-10-21,0.33,Finance,Germany
Synapsica,"New Delhi, Non-U.S.",30.0,2022-10-21,0.3,Healthcare,India
Volta,SF Bay Area,,2022-10-21,0.54,Transportation,United States
Hotmart,"Belo Horizonte, Non-U.S.",227.0,2022-10-20,0.12,Marketing,Brazil
Zeus Living,SF Bay Area,64.0,2022-10-20,0.46,Real Estate,United States
Loom,SF Bay Area,23.0,2022-10-20,0.11,Product,United States
Sales Boomerang,Baltimore,20.0,2022-10-20,,Sales,United States
Roofstock,SF Bay Area,,2022-10-20,0.2,Real Estate,United States
Starry,Boston,,2022-10-20,0.5,Other,United States
Gopuff,Philadelphia,250.0,2022-10-19,,Food,United States
AtoB,SF Bay Area,32.0,2022-10-19,0.3,Finance,United States
InfoSum,"London, Non-U.S.",20.0,2022-10-19,0.12,Security,United Kingdom
Faire,SF Bay Area,84.0,2022-10-18,0.07,Retail,United States
Leafly,Seattle,56.0,2022-10-18,0.21,Retail,United States
Ada Health,"Berlin, Non-U.S.",50.0,2022-10-17,,Healthcare,Germany
Tiendanube,Buenos Aires,50.0,2022-10-17,0.05,Marketing,Argentina
Nuri,"Berlin, Non-U.S.",,2022-10-17,1.0,Crypto,Germany
Flipboard,SF Bay Area,24.0,2022-10-16,0.21,Media,United States
Clear Capital,Reno,378.0,2022-10-14,0.27,Real Estate,United States
Beyond Meat,Los Angeles,200.0,2022-10-14,0.19,Food,United States
Beyond Meat,Los Angeles,200.0,2022-10-14,0.19,Food,United States
Flux Systems,"London, Non-U.S.",,2022-10-14,1.0,Finance,United Kingdom
Qin1,"Noida, Non-U.S.",,2022-10-14,1.0,Education,India
Salesforce,SF Bay Area,90.0,2022-10-13,,Sales,United States
Playdots,New York City,65.0,2022-10-13,1.0,Consumer,United States
Byju's,"Bengaluru, Non-U.S.",2500.0,2022-10-12,0.05,Education,India
6sense,SF Bay Area,150.0,2022-10-12,0.1,Sales,United States
Sinch,"Stockholm, Non-U.S.",150.0,2022-10-12,,Other,Sweden
FrontRow,"Bengaluru, Non-U.S.",130.0,2022-10-12,0.75,Education,India
Noom,New York City,500.0,2022-10-11,0.1,Healthcare,United States
MX,Lehi,200.0,2022-10-11,,Finance,United States
Brex,SF Bay Area,136.0,2022-10-11,0.11,Finance,United States
Pacaso,SF Bay Area,100.0,2022-10-11,0.3,Real Estate,United States
Sketch,"The Hague, Non-U.S.",80.0,2022-10-11,,Other,Netherlands
Udacity,SF Bay Area,55.0,2022-10-11,0.13,Education,United States
Linkfire,"Copenhagen, Non-U.S.",35.0,2022-10-11,0.35,Marketing,Denmark
HelloFresh,SF Bay Area,611.0,2022-10-10,,Food,United States
SurveyMonkey,SF Bay Area,180.0,2022-10-10,0.11,Marketing,United States
Pavilion Data,SF Bay Area,96.0,2022-10-10,0.96,Infrastructure,United States
Redesign Health,New York City,67.0,2022-10-10,0.2,Healthcare,United States
Nyriad,Austin,,2022-10-10,0.33,Infrastructure,United States
Collage.com,Detroit,,2022-10-09,1.0,Retail,United States
BioMarin,SF Bay Area,120.0,2022-10-07,0.04,Healthcare,United States
Rev.com,Austin,85.0,2022-10-07,,Data,United States
Crypto.com,"Singapore, Non-U.S.",2000.0,2022-10-06,0.3,Crypto,Singapore
Peloton,New York City,500.0,2022-10-06,0.12,Fitness,United States
Landing,Birmingham,110.0,2022-10-06,,Real Estate,United States
Turnitin,SF Bay Area,51.0,2022-10-06,0.05,Education,United States
Impossible Foods,SF Bay Area,50.0,2022-10-06,0.06,Food,United States
Foresight Insurance,SF Bay Area,,2022-10-06,0.4,Finance,United States
Built In,Chicago,50.0,2022-10-05,0.25,Recruiting,United States
TwinStrand,Seattle,,2022-10-05,0.5,Healthcare,United States
8x8,SF Bay Area,200.0,2022-10-04,0.09,Support,United States
Zoomo,"Sydney, Non-U.S.",65.0,2022-10-04,0.16,Transportation,Australia
Homie,Salt Lake City,40.0,2022-10-04,0.13,Real Estate,United States
Fivetran,SF Bay Area,,2022-10-04,0.05,Data,United States
Xendit,"Jakarta, Non-U.S.",,2022-10-04,0.05,Finance,Indonesia
ActiveCampaign,Chicago,,2022-10-03,0.15,Marketing,United States
WazirX,"Mumbai, Non-U.S.",60.0,2022-10-02,0.4,Crypto,India
Spin,SF Bay Area,78.0,2022-09-30,0.1,Transportation,United States
Carsome,"Kuala Lumpur, Non-U.S.",,2022-09-30,0.1,Transportation,Malaysia
Pastel,SF Bay Area,,2022-09-30,1.0,Food,United States
Westwing,"Munich, Non-U.S.",125.0,2022-09-29,,Retail,Germany
Mux,SF Bay Area,40.0,2022-09-29,0.2,Infrastructure,United States
Solarisbank,"Berlin, Non-U.S.",,2022-09-29,0.1,Finance,Germany
DocuSign,SF Bay Area,671.0,2022-09-28,0.09,Sales,United States
Volta,SF Bay Area,,2022-09-28,0.1,Transportation,United States
Divvy Homes,SF Bay Area,40.0,2022-09-27,0.12,Real Estate,United States
Konfio,"Mexico City, Non-U.S.",180.0,2022-09-23,,Finance,Mexico
Moss,"Berlin, Non-U.S.",70.0,2022-09-23,0.15,Finance,Germany
Foxtrot,Chicago,26.0,2022-09-23,0.035,Food,United States
Truiloo,"Vancouver, Non-U.S.",24.0,2022-09-23,0.05,Security,Canada
Pesto,SF Bay Area,,2022-09-23,1.0,Other,United States
NYDIG,New York City,110.0,2022-09-22,0.33,Crypto,United States
Klarna,"Stockholm, Non-U.S.",100.0,2022-09-22,,Finance,Sweden
Made.com,"London, Non-U.S.",,2022-09-22,0.35,Retail,United Kingdom
Kitty Hawk,SF Bay Area,100.0,2022-09-21,1.0,Aerospace,United States
Compass,New York City,271.0,2022-09-20,,Real Estate,United States
Curative,Los Angeles,109.0,2022-09-20,,Healthcare,United States
Ada,"Toronto, Non-U.S.",78.0,2022-09-20,0.16,Support,Canada
99,"Sao Paulo, Non-U.S.",75.0,2022-09-20,0.02,Transportation,Brazil
Ouster,SF Bay Area,,2022-09-20,0.1,Transportation,United States
Zappos,Las Vegas,,2022-09-20,0.04,Retail,United States
Ola,"Bengaluru, Non-U.S.",200.0,2022-09-19,,Transportation,India
Vesalius Therapeutics,Boston,29.0,2022-09-19,0.43,Healthcare,United States
VideoAmp,Los Angeles,,2022-09-19,0.02,Marketing,United States
Clear,"Bengaluru, Non-U.S.",190.0,2022-09-16,0.2,Finance,India
TrueLayer,"London, Non-U.S.",40.0,2022-09-16,0.1,Finance,United Kingdom
LivePerson,New York City,193.0,2022-09-15,0.11,Support,United States
Acast,"Stockholm, Non-U.S.",70.0,2022-09-15,0.15,Media,Sweden
WorkRamp,SF Bay Area,35.0,2022-09-15,0.2,HR,United States
NextRoll,SF Bay Area,,2022-09-15,0.07,Marketing,United States
Twilio,SF Bay Area,800.0,2022-09-14,0.11,Other,United States
Pitch,"Berlin, Non-U.S.",59.0,2022-09-14,0.3,Marketing,Germany
Infarm,"Berlin, Non-U.S.",50.0,2022-09-14,0.05,Other,Germany
Netflix,SF Bay Area,30.0,2022-09-14,,Media,United States
Bitrise,"Budapest, Non-U.S.",,2022-09-14,0.14,Infrastructure,Hungary
Rubius,Boston,160.0,2022-09-13,0.75,Healthcare,United States
Checkout.com,"London, Non-U.S.",100.0,2022-09-13,0.05,Finance,United Kingdom
Taboola,New York City,100.0,2022-09-13,0.06,Marketing,United States
Patreon,SF Bay Area,80.0,2022-09-13,0.17,Media,United States
FullStory,Atlanta,,2022-09-13,0.12,Marketing,United States
Propzy,"Ho Chi Minh City, Non-U.S.",,2022-09-13,1.0,Real Estate,Vietnam
Quicko,"Sao Paulo, Non-U.S.",60.0,2022-09-12,,Transportation,Brazil
Mode Analytics,SF Bay Area,25.0,2022-09-12,,Data,United States
Compete,Tel Aviv,11.0,2022-09-12,0.28,HR,Israel
Karbon,SF Bay Area,,2022-09-12,0.23,Other,United States
Rent the Runway,New York City,,2022-09-12,0.24,Retail,United States
SkipTheDishes,"Winnipeg, Non-U.S.",350.0,2022-09-09,,Food,Canada
Brighte,"Sydney, Non-U.S.",58.0,2022-09-09,,Energy,Australia
Patreon,SF Bay Area,5.0,2022-09-09,,Media,United States
Amber Group,"Hong Kong, Non-U.S.",,2022-09-09,0.1,Crypto,Hong Kong
CommonBond,New York City,,2022-09-09,1.0,Finance,United States
Flowhub,Denver,,2022-09-09,0.15,Retail,United States
Lido Learning,"Mumbai, Non-U.S.",,2022-09-09,1.0,Education,India
GoStudent,"Vienna, Non-U.S.",200.0,2022-09-08,,Education,Austria
Pomelo Fashion,"Bangkok, Non-U.S.",55.0,2022-09-08,0.08,Retail,Thailand
Genome Medical,SF Bay Area,23.0,2022-09-08,,Healthcare,United States
BigBear.ai,Baltimore,,2022-09-08,0.07,Data,United States
Simple Feast,"Copenhagen, Non-U.S.",150.0,2022-09-07,1.0,Food,Denmark
Foodpanda,"Singapore, Non-U.S.",60.0,2022-09-07,,Food,Singapore
Uber,"Vilnius, Non-U.S.",60.0,2022-09-07,,Transportation,Lithuania
Rupeek,"Bengaluru, Non-U.S.",50.0,2022-09-07,,Finance,India
Intercom,SF Bay Area,49.0,2022-09-07,0.05,Support,United States
Pendo,Raleigh,45.0,2022-09-07,0.05,Product,United States
Demandbase,SF Bay Area,27.0,2022-09-07,0.03,Sales,United States
Medly,New York City,,2022-09-07,0.5,Healthcare,United States
Brave Care,Portland,40.0,2022-09-06,0.33,Healthcare,United States
Lawgeex,"Tel Aviv, Non-U.S.",30.0,2022-09-06,0.33,Legal,Israel
Juniper Square,SF Bay Area,,2022-09-06,0.14,Real Estate,United States
Medium,SF Bay Area,,2022-09-06,0.25,Media,United States
Kuda,"Lagos, Non-U.S.",23.0,2022-09-02,0.05,Finance,Nigeria
2TM,"Sao Paulo, Non-U.S.",100.0,2022-09-01,0.15,Crypto,Brazil
Innovaccer,SF Bay Area,90.0,2022-09-01,0.08,Healthcare,United States
Shopify,"Ottawa, Non-U.S.",70.0,2022-09-01,,Retail,Canada
Urban Sports Club,"Berlin, Non-U.S.",55.0,2022-09-01,0.15,Fitness,Germany
Hedvig,"Stockholm, Non-U.S.",12.0,2022-09-01,,Finance,Sweden
Snap,Los Angeles,1280.0,2022-08-31,0.2,Consumer,United States
GoodRx,Los Angeles,140.0,2022-08-31,0.16,Healthcare,United States
Smava,"Berlin, Non-U.S.",100.0,2022-08-31,0.1,Finance,Germany
Hippo Insurance,SF Bay Area,70.0,2022-08-31,0.1,Finance,United States
Clari,SF Bay Area,45.0,2022-08-31,,Sales,United States
Koo,"Bengaluru, Non-U.S.",40.0,2022-08-31,,Consumer,India
TCR2,Boston,30.0,2022-08-31,0.2,Healthcare,United States
Apartment List,SF Bay Area,29.0,2022-08-31,0.1,Real Estate,United States
Artnight,"Berlin, Non-U.S.",26.0,2022-08-31,0.36,Retail,Germany
The Wing,New York City,,2022-08-31,1.0,Real Estate,United States
Electric,New York City,81.0,2022-08-30,,Other,United States
Immersive Labs,"Bristol, Non-U.S.",38.0,2022-08-30,0.1,Security,United Kingdom
Nate,New York City,30.0,2022-08-30,,Retail,United States
Meesho,"Bengaluru, Non-U.S.",300.0,2022-08-29,,Retail,India
54gene,Washington D.C.,95.0,2022-08-29,0.3,Healthcare,United States
Zymergen,SF Bay Area,80.0,2022-08-26,,Other,United States
Okta,SF Bay Area,24.0,2022-08-26,,Security,United States
Argyle,New York City,20.0,2022-08-26,0.07,Finance,United States
FreshDirect,Philadelphia,40.0,2022-08-25,,Food,United States
Loja Integrada,"Sao Paulo, Non-U.S.",25.0,2022-08-25,0.1,Retail,Brazil
Impact.com,Los Angeles,,2022-08-25,0.1,Marketing,United States
ShipBob,Chicago,,2022-08-25,0.07,Logistics,United States
Reali,SF Bay Area,140.0,2022-08-24,1.0,Real Estate,United States
Loop,Washington D.C.,15.0,2022-08-24,0.2,Finance,United States
Tier Mobility,"Berlin, Non-U.S.",180.0,2022-08-23,0.16,Transportation,Germany
Packable,New York City,138.0,2022-08-23,0.2,Retail,United States
Q4,"Toronto, Non-U.S.",50.0,2022-08-23,0.08,Other,Canada
Skedulo,SF Bay Area,31.0,2022-08-23,0.08,HR,United States
Plato,SF Bay Area,29.0,2022-08-23,0.5,HR,United States
DataRobot,Boston,,2022-08-23,0.26,Data,United States
Mr. Yum,"Melbourne, Non-U.S.",,2022-08-22,0.17,Food,Australia
ShopX,"Bengaluru, Non-U.S.",,2022-08-22,1.0,Retail,India
NSO,"Tel Aviv, Non-U.S.",100.0,2022-08-21,0.14,Security,Israel
Tufin,Boston,55.0,2022-08-21,0.1,Security,United States
Amperity,Seattle,13.0,2022-08-20,0.03,Marketing,United States
Wayfair,Boston,870.0,2022-08-19,0.05,Retail,United States
Stripe,SF Bay Area,50.0,2022-08-19,,Finance,United States
Hodlnaut,"Singapore, Non-U.S.",40.0,2022-08-19,0.8,Crypto,Singapore
New Relic,SF Bay Area,110.0,2022-08-18,0.05,Infrastructure,United States
Wheel,Austin,35.0,2022-08-18,0.17,Healthcare,United States
Petal,New York City,,2022-08-18,0.1,Finance,United States
Thirty Madison,New York City,,2022-08-18,0.1,Healthcare,United States
Vendasta,"Saskatoon, Non-U.S.",,2022-08-18,0.05,Marketing,Canada
Malwarebytes,SF Bay Area,125.0,2022-08-17,0.14,Security,United States
Fluke,"Sao Paulo, Non-U.S.",83.0,2022-08-17,0.8200000000000001,Other,Brazil
Swyftx,"Brisbane, Non-U.S.",74.0,2022-08-17,0.21,Crypto,Australia
Tempo Automation,SF Bay Area,54.0,2022-08-17,,Other,United States
Genesis,New York City,52.0,2022-08-17,0.2,Crypto,United States
Warren,"Porto Alegre, Non-U.S.",50.0,2022-08-17,,Finance,Brazil
AlayaCare,Montreal,80.0,2022-08-16,0.14,Healthcare,Canada
Pliops,"Tel Aviv, Non-U.S.",12.0,2022-08-16,0.09,Data,Israel
Woven,Indianapolis,5.0,2022-08-16,0.15,HR,United States
Edmodo,SF Bay Area,,2022-08-16,1.0,Education,United States
Snapdocs,SF Bay Area,,2022-08-16,0.1,Real Estate,United States
Sema4,Stamford,250.0,2022-08-15,0.13,Healthcare,United States
Blend,SF Bay Area,220.0,2022-08-15,0.12,Finance,United States
ContraFect,New York City,16.0,2022-08-15,0.37,Healthcare,United States
ThredUp,Chicago,,2022-08-15,0.15,Retail,United States
Anywell,"Tel Aviv, Non-U.S.",11.0,2022-08-14,,Real Estate,Israel
Peloton,New York City,784.0,2022-08-12,0.13,Fitness,United States
Core Scientific,Austin,,2022-08-12,0.1,Crypto,United States
Truepill,SF Bay Area,175.0,2022-08-11,0.33,Healthcare,United States
Calm,SF Bay Area,90.0,2022-08-11,0.2,Healthcare,United States
FourKites,Chicago,60.0,2022-08-11,0.08,Logistics,United States
Marketforce,"Nairobi, Non-U.S.",54.0,2022-08-11,0.09,Retail,Kenya
Betterfly,"Santiago, Non-U.S.",30.0,2022-08-11,,Healthcare,Chile
Expert360,"Sydney, Non-U.S.",7.0,2022-08-11,,Recruiting,Australia
Guidewire,SF Bay Area,,2022-08-11,0.02,Finance,United States
Trybe,"Sao Paulo, Non-U.S.",47.0,2022-08-10,0.1,Education,Brazil
Permutive,"London, Non-U.S.",30.0,2022-08-10,0.12,Marketing,United Kingdom
Homeward,Austin,,2022-08-10,0.2,Real Estate,United States
Pollen,"London, Non-U.S.",,2022-08-10,1.0,Marketing,United Kingdom
Vedanta Biosciences,Boston,,2022-08-10,0.2,Healthcare,United States
GoHealth,Chicago,800.0,2022-08-09,0.2,Healthcare,United States
Hootsuite,"Vancouver, Non-U.S.",400.0,2022-08-09,0.3,Marketing,Canada
Nutanix,SF Bay Area,270.0,2022-08-09,0.04,Infrastructure,United States
Quanterix,Boston,130.0,2022-08-09,0.25,Healthcare,United States
Wix,"Tel Aviv, Non-U.S.",100.0,2022-08-09,,Marketing,Israel
MadeiraMadeira,"Curitiba, Non-U.S.",60.0,2022-08-09,0.03,Retail,Brazil
Melio,New York City,60.0,2022-08-09,,Finance,United States
Linktree,"Melbourne, Non-U.S.",50.0,2022-08-09,0.17,Consumer,Australia
Shogun,SF Bay Area,48.0,2022-08-09,0.3,Retail,United States
Absci,"Vancouver, Non-U.S.",40.0,2022-08-09,,Healthcare,Canada
Dooly,"Vancouver, Non-U.S.",12.0,2022-08-09,,Sales,Canada
Berkeley Lights,SF Bay Area,,2022-08-09,0.12,Healthcare,United States
DailyPay,New York City,,2022-08-09,0.15,Finance,United States
Haus,SF Bay Area,,2022-08-09,1.0,Food,United States
Kaltura,New York City,,2022-08-09,0.1,Media,United States
Groupon,Chicago,500.0,2022-08-08,0.15,Retail,United States
Loggi,"Sao Paulo, Non-U.S.",500.0,2022-08-08,0.15,Logistics,Brazil
Vroom,New York City,337.0,2022-08-08,,Transportation,United States
Warby Parker,New York City,63.0,2022-08-08,,Consumer,United States
Labelbox,SF Bay Area,36.0,2022-08-08,,Data,United States
Perion,"Tel Aviv, Non-U.S.",20.0,2022-08-08,0.05,Marketing,Israel
Daily Harvest,New York City,,2022-08-08,0.15,Food,United States
iRobot,Boston,140.0,2022-08-05,0.1,Consumer,United States
Mejuri,"Toronto, Non-U.S.",50.0,2022-08-05,0.1,Retail,Canada
Uberflip,"Toronto, Non-U.S.",31.0,2022-08-05,0.17,Marketing,Canada
Doma,SF Bay Area,250.0,2022-08-04,0.13,Finance,United States
Article,"Vancouver, Non-U.S.",216.0,2022-08-04,0.17,Retail,Canada
Jam City,Los Angeles,200.0,2022-08-04,0.17,Consumer,United States
10X Genomics,SF Bay Area,100.0,2022-08-04,0.08,Healthcare,United States
LEAD,"Mumbai, Non-U.S.",80.0,2022-08-04,0.04,Education,India
Zendesk,SF Bay Area,80.0,2022-08-04,,Support,United States
On Deck,SF Bay Area,73.0,2022-08-04,0.33,Education,United States
RenoRun,"Montreal, Non-U.S.",70.0,2022-08-04,0.12,Construction,Canada
RingCentral,SF Bay Area,50.0,2022-08-04,,Support,United States
Medly,New York City,,2022-08-04,0.16,Healthcare,United States
Nomad,"Sao Paulo, Non-U.S.",,2022-08-04,0.2,Finance,Brazil
Weedmaps,Los Angeles,,2022-08-04,0.1,Other,United States
Zenius,"Jakarta, Non-U.S.",,2022-08-04,0.3,Education,Indonesia
Healthcare.com,Miami,149.0,2022-08-03,,Healthcare,United States
Unbounce,"Vancouver, Non-U.S.",47.0,2022-08-03,0.2,Marketing,Canada
Beyond Meat,Los Angeles,40.0,2022-08-03,0.04,Food,United States
The Org,"New Delhi, New York City",13.0,2022-08-03,,HR,United States
Puppet,Portland,,2022-08-03,0.15,Infrastructure,United States
SoundCloud,"Berlin, Non-U.S.",,2022-08-03,0.2,Consumer,Germany
Talkwalker,"Luxembourg, Non-U.S.",,2022-08-03,0.15,Marketing,Luxembourg
Robinhood,SF Bay Area,713.0,2022-08-02,0.23,Finance,United States
Latch,New York City,115.0,2022-08-02,0.37,Security,United States
Vedantu,"Bengaluru, Non-U.S.",100.0,2022-08-02,,Education,India
Seegrid,Pittsburgh,90.0,2022-08-02,,Logistics,United States
Nylas,SF Bay Area,80.0,2022-08-02,0.25,Product,United States
Outreach,Seattle,60.0,2022-08-02,0.05,Sales,United States
Sendy,"Nairobi, Non-U.S.",54.0,2022-08-02,0.2,Logistics,Kenya
The Predictive Index,Boston,40.0,2022-08-02,,HR,United States
Sendy,"Nairobi, Non-U.S.",30.0,2022-08-02,0.1,Logistics,Kenya
Stedi,Boulder,23.0,2022-08-02,0.3,Product,United States
Glossier,New York City,19.0,2022-08-02,0.08,Retail,United States
Butterfly Network,New Haven,,2022-08-02,0.1,Healthcare,United States
Hash,"Sao Paulo, Non-U.S.",58.0,2022-08-01,0.5,Finance,Brazil
Perceptive Automata,Boston,,2022-08-01,1.0,Transportation,United States
Metigy,"Sydney, Non-U.S.",75.0,2022-07-31,1.0,Marketing,Australia
Vee,"Tel Aviv, Non-U.S.",16.0,2022-07-31,0.32,HR,Israel
Gatherly,Atlanta,,2022-07-31,0.5,Marketing,United States
Ola,"Bengaluru, Non-U.S.",1000.0,2022-07-29,,Transportation,India
Clearco,"Toronto, Non-U.S.",125.0,2022-07-29,0.25,Finance,Canada
Imperfect Foods,SF Bay Area,50.0,2022-07-29,,Food,United States
Shelf Engine,Seattle,43.0,2022-07-29,,Food,United States
Quantcast,SF Bay Area,40.0,2022-07-29,0.06,Marketing,United States
Sherpa,"Toronto, Non-U.S.",22.0,2022-07-29,,Travel,Canada
Yabonza,"Sydney, Non-U.S.",,2022-07-29,1.0,Real Estate,Australia
Ribbon,New York City,136.0,2022-07-28,,Real Estate,United States
Career Karma,SF Bay Area,60.0,2022-07-28,0.33,Education,United States
Metromile,SF Bay Area,60.0,2022-07-28,0.2,Finance,United States
Laybuy,Auckland,45.0,2022-07-28,,Finance,New Zealand
Allbirds,SF Bay Area,23.0,2022-07-28,,Retail,United States
TextNow,"Waterloo, Non-U.S.",22.0,2022-07-28,,Consumer,Canada
2U,Washington D.C.,,2022-07-28,0.2,Education,United States
Change.org,SF Bay Area,,2022-07-28,0.19,Other,United States
Turntide,SF Bay Area,,2022-07-28,0.2,Energy,United States
Rivian,Detroit,840.0,2022-07-27,0.06,Transportation,United States
Vox Media,Washington D.C.,39.0,2022-07-27,0.02,Media,United States
Coinsquare,"Toronto, Non-U.S.",30.0,2022-07-27,0.24,Crypto,Canada
Skai,"Tel Aviv, Non-U.S.",30.0,2022-07-27,0.04,Marketing,Israel
Shopify,"Ottawa, Non-U.S.",1000.0,2022-07-26,0.1,Retail,Canada
McMakler,"Berlin, Non-U.S.",90.0,2022-07-26,,Real Estate,Germany
Fiverr,"Tel Aviv, Non-U.S.",60.0,2022-07-26,0.08,Other,Israel
InDebted,"Sydney, Non-U.S.",40.0,2022-07-26,0.17,Finance,Australia
Outbrain,New York City,38.0,2022-07-26,0.03,Marketing,United States
Dover,SF Bay Area,23.0,2022-07-26,0.3,Recruiting,United States
Immutable,"Sydney, Non-U.S.",20.0,2022-07-26,0.06,Crypto,Australia
Zymergen,SF Bay Area,80.0,2022-07-25,,Other,United States
Pear Therapeutics ,Boston,25.0,2022-07-25,0.09,Healthcare,United States
Included Health,SF Bay Area,,2022-07-25,0.06,Healthcare,United States
Soluto,"Tel Aviv, Non-U.S.",120.0,2022-07-24,1.0,Support,Israel
Eucalyptus,"Sydney, Non-U.S.",50.0,2022-07-22,0.2,Healthcare,Australia
Workstream,SF Bay Area,45.0,2022-07-22,,HR,United States
Quanto,"Sao Paulo, Non-U.S.",28.0,2022-07-22,0.22,Finance,Brazil
Clarify Health,SF Bay Area,15.0,2022-07-22,0.05,Healthcare,United States
Boosted Commerce,Los Angeles,,2022-07-22,0.05,Retail,United States
Blockchain.com,"London, Non-U.S.",150.0,2022-07-21,0.25,Crypto,United Kingdom
Callisto Media,SF Bay Area,140.0,2022-07-21,0.35,Media,United States
AppGate,Miami,130.0,2022-07-21,0.22,Security,United States
WHOOP,Boston,95.0,2022-07-21,0.15,Fitness,United States
Rad Power Bikes,Seattle,63.0,2022-07-21,0.1,Transportation,United States
Lunchbox,New York City,60.0,2022-07-21,0.33,Food,United States
RealSelf,Seattle,11.0,2022-07-21,0.05,Healthcare,United States
98point6,Seattle,,2022-07-21,0.1,Healthcare,United States
InVision,New York City,,2022-07-21,0.5,Product,United States
Just Eat Takeaway,"Amsterdam, Non-U.S.",390.0,2022-07-20,,Food,Netherlands
Flyhomes,Seattle,200.0,2022-07-20,0.2,Real Estate,United States
Varo,SF Bay Area,75.0,2022-07-20,,Finance,United States
BlueStacks,SF Bay Area,60.0,2022-07-20,,Other,United States
Lyft,SF Bay Area,60.0,2022-07-20,0.02,Transportation,United States
Introhive,"Ferdericton, Non-U.S.",57.0,2022-07-20,0.16,Sales,Canada
Zencity,"Tel Aviv, Non-U.S.",30.0,2022-07-20,0.2,Other,Israel
Splice,New York City,23.0,2022-07-20,,Media,United States
Forma.ai,"Toronto, Non-U.S.",15.0,2022-07-20,0.09,Sales,Canada
Arc,SF Bay Area,13.0,2022-07-20,,HR,United States
Invitae,SF Bay Area,1000.0,2022-07-19,,Healthcare,United States
Olive,Columbus,450.0,2022-07-19,0.31,Healthcare,United States
M1,Chicago,38.0,2022-07-19,,Finance,United States
SellerX,"Berlin, Non-U.S.",28.0,2022-07-19,,Retail,Germany
Stint,"London, Non-U.S.",28.0,2022-07-19,0.2,HR,United Kingdom
Capsule,New York City,,2022-07-19,0.13,Healthcare,United States
PACT Pharma,SF Bay Area,94.0,2022-07-18,,Healthcare,United States
Gemini,New York City,68.0,2022-07-18,0.07,Crypto,United States
Lusha,New York City,30.0,2022-07-18,0.1,Marketing,United States
Freshly,New York City,,2022-07-18,0.25,Food,United States
Hydrow,Boston,,2022-07-18,0.35,Fitness,United States
Vimeo,New York City,,2022-07-18,0.06,Consumer,United States
Bright Money,"Bengaluru, Non-U.S.",100.0,2022-07-15,0.5,Finance,India
Project44,Chicago,63.0,2022-07-15,0.05,Logistics,United States
Heroes,"London, Non-U.S.",24.0,2022-07-15,0.2,Retail,United Kingdom
Aspire,SF Bay Area,23.0,2022-07-15,,Marketing,United States
StyleSeat,SF Bay Area,,2022-07-15,0.17,Consumer,United States
Zego,"London, Non-U.S.",85.0,2022-07-14,0.17,Finance,United Kingdom
The Mom Project,Chicago,54.0,2022-07-14,0.15,HR,United States
Unstoppable Domains,SF Bay Area,42.0,2022-07-14,0.25,Crypto,United States
Kiavi,SF Bay Area,39.0,2022-07-14,0.07,Real Estate,United States
OpenSea,New York City,,2022-07-14,0.2,Crypto,United States
Wave,"Dakar, Non-U.S.",300.0,2022-07-13,0.15,Finance,Senegal
Tonal,SF Bay Area,262.0,2022-07-13,0.35,Fitness,United States
Fabric,New York City,120.0,2022-07-13,0.4,Logistics,United States
Bryter,"Berlin, Non-U.S.",100.0,2022-07-13,0.3,Product,Germany
ChowNow,Los Angeles,100.0,2022-07-13,0.2,Food,United States
Involves,"Florianópolis, Non-U.S.",70.0,2022-07-13,0.18,Retail,Brazil
100 Thieves,Los Angeles,12.0,2022-07-13,,Consumer,United States
Nuro,SF Bay Area,7.0,2022-07-13,,Transportation,United States
Arrival,"London, Non-U.S.",,2022-07-13,0.3,Transportation,United Kingdom
Papa,Miami,,2022-07-13,0.15,Other,United States
Gopuff,Philadelphia,1500.0,2022-07-12,0.1,Food,United States
Fraazo,"Mumbai, Non-U.S.",150.0,2022-07-12,,Food,India
Babylon,"London, Non-U.S.",100.0,2022-07-12,,Healthcare,United Kingdom
Hubilo,SF Bay Area,45.0,2022-07-12,0.12,Marketing,United States
Airlift,"Lahore, Non-U.S.",,2022-07-12,1.0,Logistics,Pakistan
Hopin,"London, Non-U.S.",242.0,2022-07-11,0.29,Other,United Kingdom
Alice,"Sao Paulo, Non-U.S.",63.0,2022-07-11,,Healthcare,Brazil
SundaySky,New York City,24.0,2022-07-11,0.13,Marketing,United States
Forward,SF Bay Area,,2022-07-11,0.05,Healthcare,United States
Ignite,SF Bay Area,,2022-07-11,0.5,Crypto,United States
PuduTech,"Shenzen, Non-U.S.",1500.0,2022-07-08,,Other,China
Butler Hospitality,New York City,1000.0,2022-07-08,1.0,Food,United States
Calibrate,New York City,156.0,2022-07-08,0.24,Healthcare,United States
NextRoll,SF Bay Area,,2022-07-08,0.03,Marketing,United States
Argo AI,Pittsburgh,150.0,2022-07-07,0.05,Transportation,United States
Next Insurance,SF Bay Area,150.0,2022-07-07,0.17,Finance,United States
Adwerx,Durham,40.0,2022-07-07,,Marketing,United States
Emotive,Los Angeles,30.0,2022-07-07,0.18,Marketing,United States
Cedar,New York City,,2022-07-07,0.24,Healthcare,United States
Remote,SF Bay Area,100.0,2022-07-06,0.09,HR,United States
Shopify,"Ottawa, Non-U.S.",50.0,2022-07-06,,Retail,Canada
Anodot,"Tel Aviv, Non-U.S.",35.0,2022-07-06,0.27,Data,Israel
SQream,New York City,30.0,2022-07-06,0.18,Data,United States
Anodot,"Tel Aviv, Non-U.S.",15.0,2022-07-06,0.2,Data,Israel
Loft,"Sao Paulo, Non-U.S.",384.0,2022-07-05,0.12,Real Estate,Brazil
Bizzabo,New York City,120.0,2022-07-05,0.3,Marketing,United States
eToro,"Tel Aviv, Non-U.S.",100.0,2022-07-05,0.06,Finance,Israel
Verbit,New York City,80.0,2022-07-05,0.1,Data,United States
Outschool,SF Bay Area,31.0,2022-07-05,0.18,Education,United States
Bullish,"Hong Kong, Non-U.S.",30.0,2022-07-05,0.08,Crypto,Hong Kong
Transmit Security,Boston,27.0,2022-07-05,0.07,Security,United States
Thimble,New York City,20.0,2022-07-05,0.33,Finance,United States
Syte,"Tel Aviv, Non-U.S.",13.0,2022-07-05,0.08,Retail,Israel
Lightricks,"Jerusalem, Non-U.S.",80.0,2022-07-04,0.12,Consumer,Israel
Chessable,"London, Non-U.S.",29.0,2022-07-04,,Consumer,United Kingdom
Sendle,"Sydney, Non-U.S.",27.0,2022-07-04,0.12,Logistics,Australia
Lendis,"Berlin, Non-U.S.",18.0,2022-07-04,0.15,Other,Germany
Gorillas,"Berlin, Non-U.S.",540.0,2022-07-03,,Food,Germany
Celsius,New York City,150.0,2022-07-03,0.25,Crypto,United States
Zepto,"Brisbane, Non-U.S.",,2022-07-02,0.1,Finance,Australia
WanderJaunt,SF Bay Area,85.0,2022-07-01,1.0,Travel,United States
Canoo,Los Angeles,58.0,2022-07-01,0.06,Transportation,United States
Bamboo Health,Louisville,52.0,2022-07-01,,Healthcare,United States
Teleport,SF Bay Area,15.0,2022-07-01,0.06,Infrastructure,United States
Enjoy,SF Bay Area,400.0,2022-06-30,0.18,Retail,United States
Crejo.Fun,"Bengaluru, Non-U.S.",170.0,2022-06-30,1.0,Education,India
Stash Financial,New York City,40.0,2022-06-30,0.08,Finance,United States
Nate,New York City,30.0,2022-06-30,0.2,Retail,United States
Snyk,Boston,30.0,2022-06-30,,Security,United States
Stream,Boulder,20.0,2022-06-30,0.12,Product,United States
Finleap Connect,"Hamburg, Non-U.S.",14.0,2022-06-30,0.1,Finance,Germany
Abra,SF Bay Area,12.0,2022-06-30,0.05,Crypto,United States
Gavelytics,Los Angeles,,2022-06-30,1.0,Legal,United States
Sundae,SF Bay Area,,2022-06-30,0.15,Real Estate,United States
Toppr,"Mumbai, Non-U.S.",350.0,2022-06-29,,Education,India
Unity,SF Bay Area,200.0,2022-06-29,0.04,Other,United States
Niantic,SF Bay Area,85.0,2022-06-29,0.08,Consumer,United States
AvantStay,Los Angeles,80.0,2022-06-29,,Travel,United States
Qumulo,Seattle,80.0,2022-06-29,0.19,Data,United States
Clutch,"Toronto, Non-U.S.",76.0,2022-06-29,0.22,Transportation,Canada
Parallel Wireless,Nashua,60.0,2022-06-29,,Infrastructure,United States
Oye Rickshaw,"New Delhi, Non-U.S.",40.0,2022-06-29,0.2,Transportation,India
Rows,"Berlin, Non-U.S.",18.0,2022-06-29,0.3,Other,Germany
Baton,SF Bay Area,16.0,2022-06-29,0.25,Transportation,United States
Substack,SF Bay Area,13.0,2022-06-29,0.14,Media,United States
Degreed,SF Bay Area,,2022-06-29,0.15,Education,United States
HomeLight,SF Bay Area,,2022-06-29,0.19,Real Estate,United States
Volt Bank,"Sydney, Non-U.S.",,2022-06-29,1.0,Finance,Australia
Huobi,"Beijing, Non-U.S.",300.0,2022-06-28,0.3,Crypto,China
WhiteHat Jr,"Mumbai, Non-U.S.",300.0,2022-06-28,,Education,India
StockX,Detroit,120.0,2022-06-28,0.08,Retail,United States
Sidecar Health,Los Angeles,110.0,2022-06-28,0.4,Healthcare,United States
StockX,Detroit,80.0,2022-06-28,,Retail,United States
Vezeeta,"Dubai, Non-U.S.",50.0,2022-06-28,0.1,Healthcare,United Arab Emirates
Bright Machines,SF Bay Area,30.0,2022-06-28,0.08,Data,Israel
HealthMatch,"Sydney, Non-U.S.",18.0,2022-06-28,0.5,Healthcare,Australia
Nova Benefits,"Bengaluru, Non-U.S.",,2022-06-28,0.3,Healthcare,India
Una Brands,"Singapore, Non-U.S.",,2022-06-28,0.1,Retail,Singapore
AppLovin,SF Bay Area,300.0,2022-06-27,0.12,Marketing,United States
UiPath,New York City,210.0,2022-06-27,0.05,Data,United States
Udaan,"Bengaluru, Non-U.S.",180.0,2022-06-27,0.04,Retail,India
Cue,San Diego,170.0,2022-06-27,,Healthcare,United States
Banxa,"Melbourne, Non-U.S.",70.0,2022-06-27,0.3,Crypto,Australia
SafeGraph,SF Bay Area,27.0,2022-06-27,0.25,Data,United States
Amount,Chicago,,2022-06-27,0.18,Finance,United States
Postscript,SF Bay Area,43.0,2022-06-26,,Marketing,United States
Bitpanda,"Vienna, Non-U.S.",270.0,2022-06-24,0.27,Crypto,Austria
Sunday,Atlanta,90.0,2022-06-24,0.23,Finance,United States
Bestow,Dallas,41.0,2022-06-24,0.14,Finance,United States
Ethos Life,SF Bay Area,40.0,2022-06-24,0.12,Finance,United States
Netflix,SF Bay Area,300.0,2022-06-23,0.03,Media,United States
Aura,Boston,70.0,2022-06-23,0.09,Security,United States
Pipl,Spokane,22.0,2022-06-23,0.13,Security,United States
Vouch,SF Bay Area,15.0,2022-06-23,0.07,Finance,United States
Voyage SMS,Los Angeles,8.0,2022-06-23,0.13,Marketing,United States
Esper,Seattle,,2022-06-23,0.12,Other,United States
Kune,"Nairobi, Non-U.S.",,2022-06-23,1.0,Food,Kenya
Orchard,New York City,,2022-06-23,0.1,Real Estate,United States
Ro,New York City,,2022-06-23,0.18,Healthcare,United States
StreamElements,"Tel Aviv, Non-U.S.",,2022-06-23,0.2,Media,Israel
MasterClass,SF Bay Area,120.0,2022-06-22,0.2,Education,United States
IronNet,Washington D.C.,90.0,2022-06-22,0.35,Security,United States
Bungalow,SF Bay Area,70.0,2022-06-22,,Real Estate,United States
IronNet,Washington D.C.,55.0,2022-06-22,0.17,Security,United States
Sprinklr,New York City,50.0,2022-06-22,,Support,United States
Superpedestrian,Boston,35.0,2022-06-22,0.07,Transportation,United States
Voi,"Stockholm, Non-U.S.",35.0,2022-06-22,0.1,Transportation,Sweden
Balto,St. Louis,30.0,2022-06-22,,Sales,United States
Ritual,"Toronto, Non-U.S.",23.0,2022-06-22,0.16,Food,Canada
Voly,"Sydney, Non-U.S.",,2022-06-22,0.5,Food,Australia
Ebanx,"Curitiba, Non-U.S.",340.0,2022-06-21,0.2,Finance,Brazil
TaskUs,Los Angeles,52.0,2022-06-21,0.0,Support,United States
Community,Los Angeles,40.0,2022-06-21,0.3,Marketing,United States
Sourcegraph,SF Bay Area,24.0,2022-06-21,0.08,Product,United States
Frubana,"Bogota, Non-U.S.",,2022-06-21,0.03,Food,Colombia
SuperLearn,"Bengaluru, Non-U.S.",,2022-06-21,1.0,Education,India
Tray.io,SF Bay Area,,2022-06-21,0.1,Data,United States
Bybit,"Singapore, Non-U.S.",600.0,2022-06-20,0.3,Crypto,Singapore
SummerBio,SF Bay Area,101.0,2022-06-20,1.0,Healthcare,United States
Trax,"Singapore, Non-U.S.",100.0,2022-06-20,0.12,Retail,Singapore
Aqgromalin,"Chennai, Non-U.S.",80.0,2022-06-20,0.3,Food,India
Bonsai,"Toronto, Non-U.S.",30.0,2022-06-20,0.55,Retail,Canada
Brighte,"Sydney, Non-U.S.",30.0,2022-06-20,0.15,Energy,Australia
Buzzer,New York City,,2022-06-20,0.2,Media,United States
CityMall,"Gurugram, Non-U.S.",191.0,2022-06-19,0.3,Retail,India
BitOasis,"Dubai, Non-U.S.",9.0,2022-06-19,0.05,Crypto,United Arab Emirates
Unacademy,"Bengaluru, Non-U.S.",150.0,2022-06-18,0.03,Education,India
Bytedance,"Shanghai, Non-U.S.",150.0,2022-06-17,,Consumer,China
Socure,Reno,69.0,2022-06-17,0.13,Finance,United States
Finite State,Columbus,16.0,2022-06-17,0.2,Security,United States
JOKR,New York City,50.0,2022-06-16,0.05,Food,United States
Zumper,SF Bay Area,45.0,2022-06-16,0.15,Real Estate,United States
PharmEasy,"Mumbai, Non-U.S.",40.0,2022-06-16,,Healthcare,India
Circulo Health,Columbus,,2022-06-16,0.5,Healthcare,United States
Swappie,"Helsinki, Non-U.S.",250.0,2022-06-15,0.17,Retail,Finland
Wealthsimple,"Toronto, Non-U.S.",159.0,2022-06-15,0.13,Finance,Canada
Weee!,SF Bay Area,150.0,2022-06-15,0.1,Food,United States
Notarize,Boston,110.0,2022-06-15,0.25,Legal,United States
Elementor,"Tel Aviv, Non-U.S.",60.0,2022-06-15,0.15,Media,Israel
Tonkean,SF Bay Area,23.0,2022-06-15,0.23,Other,United States
Airtame,"Copenhagen, Non-U.S.",15.0,2022-06-15,,Consumer,Denmark
OpenWeb,"Tel Aviv, Non-U.S.",14.0,2022-06-15,0.05,Media,Israel
Swyft,"Toronto, Non-U.S.",10.0,2022-06-15,0.3,Logistics,Canada
JetClosing,Seattle,,2022-06-15,1.0,Real Estate,United States
Coinbase,SF Bay Area,1100.0,2022-06-14,0.18,Crypto,United States
Redfin,Seattle,470.0,2022-06-14,0.08,Real Estate,United States
Compass,New York City,450.0,2022-06-14,0.1,Real Estate,United States
Sami,"Sao Paulo, Non-U.S.",75.0,2022-06-14,0.15,Healthcare,Brazil
Breathe,"New Delhi, Non-U.S.",50.0,2022-06-14,0.33,Healthcare,India
Hunty,"Bogota, Non-U.S.",30.0,2022-06-14,,HR,Colombia
TIFIN,Boulder,24.0,2022-06-14,0.1,Crypto,United States
BlockFi,New York City,250.0,2022-06-13,0.2,Crypto,United States
Wave Sports and Entertainment,Los Angeles,56.0,2022-06-13,0.33,Media,United States
Studio,SF Bay Area,33.0,2022-06-13,0.4,Education,United States
Desktop Metal,Boston,,2022-06-13,0.12,Other,United States
Crypto.com,"Singapore, Non-U.S.",260.0,2022-06-10,0.05,Crypto,Singapore
FarEye,"New Delhi, Non-U.S.",250.0,2022-06-10,0.3,Logistics,India
Berlin Brands Group,"Berlin, Non-U.S.",100.0,2022-06-10,0.1,Retail,Germany
Sanar,"Sao Paulo, Non-U.S.",60.0,2022-06-10,0.2,Healthcare,Brazil
Freetrade,"London, Non-U.S.",45.0,2022-06-10,0.15,Finance,United Kingdom
Albert,Los Angeles,20.0,2022-06-10,0.08,Finance,United States
Ziroom,"Beijing, Non-U.S.",,2022-06-10,0.2,Real Estate,China
OneTrust,Atlanta,950.0,2022-06-09,0.25,Security,United States
Stitch Fix,SF Bay Area,330.0,2022-06-09,0.15,Retail,United States
Daniel Wellington,"Stockholm, Non-U.S.",200.0,2022-06-09,0.15,Retail,Sweden
Convoy,Seattle,90.0,2022-06-09,0.07,Logistics,United States
Hologram,Chicago,80.0,2022-06-09,0.4,Infrastructure,United States
Boozt,"Malmo, Non-U.S.",70.0,2022-06-09,0.05,Retail,Sweden
The Grommet,Boston,40.0,2022-06-09,1.0,Retail,United States
Stashaway,"Singapore, Non-U.S.",31.0,2022-06-09,0.14,Finance,Singapore
Preply,Boston,26.0,2022-06-09,0.05,Education,United States
Jellysmack,New York City,,2022-06-09,0.08,Media,United States
Starship,SF Bay Area,,2022-06-09,0.11,Transportation,United States
Sonder,SF Bay Area,250.0,2022-06-08,0.21,Travel,United States
Kavak,"Sao Paulo, Non-U.S.",150.0,2022-06-08,,Transportation,Brazil
Truepill,SF Bay Area,150.0,2022-06-08,0.15,Healthcare,United States
iPrice Group,Kuala Lumpur,50.0,2022-06-08,0.2,Retail,Malaysia
Memmo,"Stockholm, Non-U.S.",,2022-06-08,0.4,Consumer,Sweden
Cazoo,"London, Non-U.S.",750.0,2022-06-07,0.15,Transportation,United Kingdom
Cazoo,"London, Non-U.S.",750.0,2022-06-07,0.15,Transportation,United Kingdom
Rupeek,"Bengaluru, Non-U.S.",180.0,2022-06-07,0.15,Finance,India
Lummo,"Jakarta, Non-U.S.",150.0,2022-06-07,,Marketing,Indonesia
Bird,Los Angeles,138.0,2022-06-07,0.23,Transportation,United States
ID.me,Washington D.C.,130.0,2022-06-07,,Security,United States
KiwiCo,SF Bay Area,40.0,2022-06-07,,Retail,United States
Propzy,"Ho Chi Minh City, Non-U.S.",,2022-06-07,0.5,Real Estate,Vietnam
Clearco,"Toronto, Non-U.S.",60.0,2022-06-06,,Finance,Canada
Dutchie,Bend,50.0,2022-06-06,0.07,Other,United States
Deep Instinct,New York City,,2022-06-06,0.1,Security,United States
Sendoso,SF Bay Area,,2022-06-06,0.14,Marketing,United States
Eruditus,"Mumbai, Non-U.S.",40.0,2022-06-04,,Education,India
Afterverse,"Brasilia, Non-U.S.",60.0,2022-06-03,0.2,Consumer,Brazil
Superhuman,SF Bay Area,23.0,2022-06-03,0.22,Consumer,United States
Food52,New York City,21.0,2022-06-03,0.15,Food,United States
5B Solar,"Sydney, Non-U.S.",,2022-06-03,0.25,Energy,Australia
Tesla,Austin,,2022-06-03,0.1,Transportation,United States
Carbon Health,SF Bay Area,250.0,2022-06-02,0.08,Healthcare,United States
Favo,"Sao Paulo, Non-U.S.",170.0,2022-06-02,,Food,Brazil
PolicyGenius,New York City,170.0,2022-06-02,0.25,Finance,United States
Yojak,"Gurugram, Non-U.S.",140.0,2022-06-02,0.5,Construction,India
Envato,"Melbourne, Non-U.S.",100.0,2022-06-02,,Marketing,Australia
Gemini,New York City,100.0,2022-06-02,0.1,Crypto,United States
Stord,Atlanta,59.0,2022-06-02,0.08,Logistics,United States
Gather,SF Bay Area,30.0,2022-06-02,0.33,Consumer,United States
Shef,SF Bay Area,29.0,2022-06-02,,Food,United States
IRL,SF Bay Area,25.0,2022-06-02,0.25,Consumer,United States
Kaodim,"Selangor, Non-U.S.",,2022-06-02,1.0,Consumer,Malaysia
TomTom,"Amsterdam, Non-U.S.",500.0,2022-06-01,0.1,Transportation,Netherlands
Cybereason,Boston,100.0,2022-06-01,0.06,Security,United States
Udayy,"Gurugram, Non-U.S.",100.0,2022-06-01,1.0,Education,India
2TM,"Sao Paulo, Non-U.S.",90.0,2022-06-01,0.12,Crypto,Brazil
Curve,"London, Non-U.S.",65.0,2022-06-01,0.1,Finance,United Kingdom
Loom,SF Bay Area,34.0,2022-06-01,0.14,Product,United States
Skillshare,New York City,31.0,2022-06-01,,Education,United States
Impala,"London, Non-U.S.",30.0,2022-06-01,0.35,Travel,United Kingdom
Eaze,SF Bay Area,25.0,2022-06-01,,Consumer,United States
Side,SF Bay Area,,2022-06-01,0.1,Real Estate,United States
Truck It In,"Karachi, Non-U.S.",,2022-06-01,0.3,Logistics,Pakistan
Playtika,"Tel Aviv, Non-U.S.",250.0,2022-05-31,0.06,Consumer,Israel
Replicated,Los Angeles,50.0,2022-05-31,,Infrastructure,United States
Tomo,Stamford,44.0,2022-05-31,0.33,Finance,United States
Getta,"Tel Aviv, Non-U.S.",30.0,2022-05-31,,Transportation,Israel
BookClub,Salt Lake City,12.0,2022-05-31,0.25,Education,United States
SWVL,"Dubai, Non-U.S.",400.0,2022-05-30,0.32,Transportation,United Arab Emirates
Mobile Premier League,"Bengaluru, Non-U.S.",100.0,2022-05-30,0.1,Consumer,India
SumUp,"Sao Paulo, Non-U.S.",100.0,2022-05-30,0.03,Finance,Brazil
FrontRow,"Bengaluru, Non-U.S.",145.0,2022-05-27,0.3,Education,India
Daloopa,"New Delhi, Non-U.S.",40.0,2022-05-27,,Data,India
Uncapped,"London, Non-U.S.",29.0,2022-05-27,0.26,Finance,United Kingdom
VTEX,"Sao Paulo, Non-U.S.",200.0,2022-05-26,0.13,Retail,Brazil
Bitso,"Mexico City, Non-U.S.",80.0,2022-05-26,0.11,Crypto,Mexico
Foodpanda,"Bucharest, Non-U.S.",80.0,2022-05-26,,Food,Romania
Dazn,"London, Non-U.S.",50.0,2022-05-26,0.02,Consumer,United Kingdom
Lacework,SF Bay Area,300.0,2022-05-25,0.2,Security,United States
Bolt,SF Bay Area,240.0,2022-05-25,0.27,Finance,United States
PeerStreet,Los Angeles,75.0,2022-05-25,,Finance,United States
Kontist,"Berlin, Non-U.S.",50.0,2022-05-25,0.25,Finance,Germany
Nuri,"Berlin, Non-U.S.",45.0,2022-05-25,0.2,Finance,Germany
Coterie Insurance,Cincinnati,30.0,2022-05-25,0.2,Finance,United States
Airlift,"Lahore, Non-U.S.",,2022-05-25,0.31,Logistics,Pakistan
Getir,"Istanbul, Non-U.S.",,2022-05-25,0.14,Food,Turkey
Zapp,"London, Non-U.S.",,2022-05-25,0.1,Food,United Kingdom
Gorillas,"Berlin, Non-U.S.",300.0,2022-05-24,0.5,Food,Germany
Zenius,"Jakarta, Non-U.S.",200.0,2022-05-24,,Education,Indonesia
The Zebra,Austin,40.0,2022-05-24,,Finance,United States
Klarna,"Stockholm, Non-U.S.",700.0,2022-05-23,0.1,Finance,Sweden
PayPal,SF Bay Area,83.0,2022-05-23,,Finance,United States
Buenbit,"Buenos Aires, Non-U.S.",80.0,2022-05-23,0.45,Crypto,Argentina
BeyondMinds,"Tel Aviv, Non-U.S.",65.0,2022-05-23,1.0,Data,Israel
ClickUp,San Diego,60.0,2022-05-23,0.07,Other,United States
Airtime,New York City,30.0,2022-05-23,0.2,Consumer,United States
MFine,"Bengaluru, Non-U.S.",600.0,2022-05-21,0.75,Healthcare,India
Latch,New York City,130.0,2022-05-20,0.28,Security,United States
Outside,Boulder,87.0,2022-05-20,0.15,Media,United States
Skillz,SF Bay Area,70.0,2022-05-20,0.1,Consumer,United States
Cars24,"Gurugram, Non-U.S.",600.0,2022-05-19,0.06,Transportation,India
Vedantu,"Bengaluru, Non-U.S.",424.0,2022-05-18,0.07,Education,India
Netflix,SF Bay Area,150.0,2022-05-17,0.01,Media,United States
Kry,"Stockholm, Non-U.S.",100.0,2022-05-17,0.1,Healthcare,Sweden
Picsart,Miami,90.0,2022-05-17,0.08,Consumer,United States
Zak,"Sao Paulo, Non-U.S.",100.0,2022-05-16,0.4,Food,Brazil
AliExpress Russia,"Moscow, Non-U.S.",400.0,2022-05-14,0.4,Retail,Russia
Thirty Madison,New York City,24.0,2022-05-14,,Healthcare,United States
CommonBond,New York City,22.0,2022-05-13,,Finance,United States
Subspace,Los Angeles,,2022-05-13,1.0,Infrastructure,United States
Zwift,Los Angeles,150.0,2022-05-12,,Fitness,United States
Section4,New York City,32.0,2022-05-12,,Education,United States
DataRobot,Boston,70.0,2022-05-11,0.07,Data,United States
Carvana,Phoenix,2500.0,2022-05-10,0.12,Transportation,United States
Doma,SF Bay Area,310.0,2022-05-10,0.15,Finance,United States
Pollen,"London, Non-U.S.",200.0,2022-05-10,0.33,Travel,United Kingdom
Latch,New York City,30.0,2022-05-10,0.06,Security,United States
Meero,"Paris, Non-U.S.",350.0,2022-05-09,0.5,Other,France
Vroom,New York City,270.0,2022-05-09,0.14,Transportation,United States
Reef,Miami,750.0,2022-05-06,0.05,Transportation,United States
divvyDOSE,Davenport,62.0,2022-05-06,,Healthcare,United States
Vedantu,"Bengaluru, Non-U.S.",200.0,2022-05-05,0.03,Education,India
Progrexion,Salt Lake City,100.0,2022-05-05,,Finance,United States
Mural,SF Bay Area,90.0,2022-05-05,0.1,Product,United States
On Deck,SF Bay Area,72.0,2022-05-05,0.25,Education,United States
SEND,"Sydney, Non-U.S.",300.0,2022-05-04,1.0,Food,Australia
Colossus,Boston,97.0,2022-05-04,,Energy,United States
Cameo,Chicago,87.0,2022-05-04,0.25,Consumer,United States
Mainstreet,SF Bay Area,45.0,2022-05-04,0.3,Finance,United States
Ideoclick,Seattle,40.0,2022-05-04,,Retail,United States
Vise,New York City,25.0,2022-05-04,,Finance,United States
Bizpay,"Sydney, Non-U.S.",,2022-05-04,0.3,Finance,Australia
Avo,"Tel Aviv, Non-U.S.",500.0,2022-05-01,0.67,Food,Israel
Noom,New York City,495.0,2022-04-29,,Healthcare,United States
Domestika,SF Bay Area,150.0,2022-04-28,0.19,Education,United States
Netflix,SF Bay Area,25.0,2022-04-28,,Media,United States
Wahoo Fitness,Atlanta,50.0,2022-04-27,,Fitness,United States
Robinhood,SF Bay Area,340.0,2022-04-26,0.09,Finance,United States
Bonsai,"Toronto, Non-U.S.",29.0,2022-04-26,0.34,Retail,Canada
Sigfox,"Toulouse, Non-U.S.",64.0,2022-04-25,,Other,France
Clyde,New York City,22.0,2022-04-25,,Marketing,United States
Xiaohongshu,"Shanghai, Non-U.S.",180.0,2022-04-21,0.09,Consumer,China
Facily,"Sao Paulo, Non-U.S.",260.0,2022-04-20,0.3,Retail,Brazil
Lemonade,New York City,52.0,2022-04-20,,Finance,United States
Blend,SF Bay Area,200.0,2022-04-19,0.1,Finance,United States
QuintoAndar,"Sao Paulo, Non-U.S.",160.0,2022-04-19,0.04,Real Estate,Brazil
Loft,"Sao Paulo, Non-U.S.",159.0,2022-04-19,,Real Estate,Brazil
Automox,Boulder,,2022-04-18,0.11,Infrastructure,United States
Humble,SF Bay Area,10.0,2022-04-15,,Media,United States
Halcyon Health,New York City,,2022-04-15,1.0,Healthcare,United States
Ahead,SF Bay Area,44.0,2022-04-14,1.0,Healthcare,United States
Rad Power Bikes,Seattle,100.0,2022-04-12,0.14,Transportation,United States
Meesho,"Bengaluru, Non-U.S.",150.0,2022-04-11,,Retail,India
Food52,New York City,20.0,2022-04-08,0.1,Food,United States
Unacademy,"Bengaluru, Non-U.S.",1000.0,2022-04-07,0.17,Education,India
Goodfood,"Calgary, Non-U.S.",70.0,2022-04-07,,Food,Canada
Workrise,Austin,450.0,2022-04-05,,Energy,United States
Fast,SF Bay Area,,2022-04-05,1.0,Finance,United States
BitMEX,Non-U.S.,75.0,2022-04-04,0.25,Crypto,Seychelles
Legible,"Vancouver, Non-U.S.",23.0,2022-04-04,0.38,Media,Canada
Lightico,"Tel Aviv, Non-U.S.",20.0,2022-03-31,,Finance,Israel
Sea,"Bengaluru, Non-U.S.",350.0,2022-03-30,,Retail,India
Rasa,"Berlin, Non-U.S.",59.0,2022-03-30,0.4,Data,Germany
Gopuff,Philadelphia,450.0,2022-03-29,0.03,Food,United States
Thinkific,"Vancouver, Non-U.S.",100.0,2022-03-29,0.2,Education,Canada
Furlenco,"Bengaluru, Non-U.S.",180.0,2022-03-26,,Retail,India
Grove Collaborative,SF Bay Area,,2022-03-19,0.17,Retail,United States
Storytel,"Stockholm, Non-U.S.",100.0,2022-03-17,0.1,Media,Sweden
Curology,SF Bay Area,150.0,2022-03-16,,Healthcare,United States
Trell,"Bengaluru, Non-U.S.",300.0,2022-03-15,0.5,Retail,India
Knock,New York City,115.0,2022-03-15,0.46,Real Estate,United States
Talis Biomedical,SF Bay Area,,2022-03-15,0.25,Healthcare,United States
Sezzle,Minneapolis,,2022-03-10,0.2,Finance,United States
Better.com,New York City,3000.0,2022-03-08,0.33,Real Estate,United States
Adaptive Biotechnologies,Seattle,100.0,2022-03-08,0.12,Healthcare,United States
Hyperscience,New York City,100.0,2022-03-03,0.25,Data,United States
WeDoctor,Non-U.S.,500.0,2022-03-02,,Healthcare,China
Wish,SF Bay Area,190.0,2022-03-01,0.15,Retail,United States
OKCredit,"New Delhi, Non-U.S.",30.0,2022-02-24,,Finance,India
Lido,"Mumbai, Non-U.S.",150.0,2022-02-21,,Education,India
Virgin Hyperloop,Los Angeles,111.0,2022-02-21,0.5,Transportation,United States
Trustly,"Stockholm, Non-U.S.",120.0,2022-02-17,,Finance,Sweden
Liv Up,"Sao Paulo, Non-U.S.",100.0,2022-02-16,0.15,Food,Brazil
Homie,Salt Lake City,119.0,2022-02-14,0.29,Real Estate,United States
Hopin,"London, Non-U.S.",138.0,2022-02-10,0.12,Other,United Kingdom
Daily Harvest,New York City,60.0,2022-02-10,0.2,Food,United States
Peloton,New York City,2800.0,2022-02-08,0.2,Fitness,United States
Rhino,New York City,57.0,2022-02-03,0.2,Real Estate,United States
Gopuff,Philadelphia,100.0,2022-01-26,,Food,United States
Glossier,New York City,80.0,2022-01-26,0.33,Consumer,United States
Root Insurance,Columbus,330.0,2022-01-20,,Finance,United States
Protonn,"Bengaluru, Non-U.S.",,2022-01-20,1.0,Other,India
Spin,SF Bay Area,,2022-01-08,0.25,Transportation,United States
Delivery Hero,"Berlin, Non-U.S.",300.0,2021-12-22,,Food,Germany
Better.com,New York City,900.0,2021-12-01,0.09,Real Estate,United States
BitTitan,Seattle,70.0,2021-11-18,0.27,Data,United States
Zillow,Seattle,2000.0,2021-11-02,0.25,Real Estate,United States
InVision,New York City,22.0,2021-10-05,,Product,United States
Ozy Media,SF Bay Area,,2021-10-01,1.0,Media,United States
Zymergen,SF Bay Area,120.0,2021-09-23,,Other,United States
Treehouse,Portland,41.0,2021-09-14,0.9,Education,United States
Tanium,Seattle,30.0,2021-08-30,,Security,United States
Flockjay,SF Bay Area,37.0,2021-08-24,0.5,Education,United States
Bytedance,"Shanghai, Non-U.S.",1800.0,2021-08-05,,Consumer,China
Pagarbook,"Bengaluru, Non-U.S.",80.0,2021-07-26,,HR,India
Katerra,SF Bay Area,2434.0,2021-06-01,1.0,Construction,United States
Lambda School,SF Bay Area,65.0,2021-04-29,,Education,United States
Madefire,SF Bay Area,,2021-04-29,1.0,Media,United States
Patreon,SF Bay Area,36.0,2021-04-26,,Media,United States
New Relic,SF Bay Area,160.0,2021-04-06,0.07,Infrastructure,United States
HuffPo,New York City,47.0,2021-03-09,,Media,United States
Ninjacart,"Bengaluru, Non-U.S.",200.0,2021-02-23,,Food,India
Bounce,"Bengaluru, Non-U.S.",200.0,2021-02-22,0.4,Transportation,India
ThredUp,Chicago,243.0,2021-02-09,,Retail,United States
Indigo,Boston,80.0,2021-02-09,,Other,United States
Limelight,New York City,13.0,2021-02-04,1.0,Recruiting,United States
Quandoo,"Berlin, Non-U.S.",87.0,2021-02-03,0.2,Food,Germany
Hubba,"Toronto, Non-U.S.",45.0,2021-02-01,1.0,Retail,Canada
Bytedance,"Mumbai, Non-U.S.",1800.0,2021-01-27,,Consumer,India
Privitar,"London, Non-U.S.",20.0,2021-01-27,,Data,United Kingdom
Shutterfly,SF Bay Area,800.0,2021-01-25,,Retail,United States
Postmates,SF Bay Area,180.0,2021-01-23,0.15,Food,United States
Instacart,SF Bay Area,1877.0,2021-01-21,,Food,United States
Pocketmath,Singapore,21.0,2021-01-20,1.0,Marketing,Singapore
Dropbox,SF Bay Area,315.0,2021-01-13,0.15,Other,United States
Aura Financial,SF Bay Area,,2021-01-11,1.0,Finance,United States
Simple,Portland,,2021-01-07,1.0,Finance,United States
WhiteHat Jr,"Mumbai, Non-U.S.",1800.0,2021-01-06,,Education,India
Pulse Secure,SF Bay Area,78.0,2020-12-23,,Security,United States
Breather,"Montreal, Non-U.S.",120.0,2020-12-16,0.8,Real Estate,Canada
Actifio,Boston,54.0,2020-12-16,,Data,United States
OYO,"Gurugram, Non-U.S.",600.0,2020-12-08,,Travel,India
Aya,"Toronto, Non-U.S.",5.0,2020-11-19,0.25,Finance,Canada
Domio,New York City,,2020-11-18,0.5,Real Estate,United States
Bridge Connector,Nashville,154.0,2020-11-17,1.0,Healthcare,United States
Tidepool,SF Bay Area,18.0,2020-11-17,0.4,Healthcare,United States
Worksmith,Austin,30.0,2020-11-09,0.5,Retail,United States
Rubica,Seattle,,2020-11-05,1.0,Security,United States
Bossa Nova,SF Bay Area,,2020-11-02,0.5,Retail,United States
LivePerson,New York City,30.0,2020-11-01,,Support,United States
Remedy,Austin,82.0,2020-10-29,,Healthcare,United States
Knotel,New York City,20.0,2020-10-29,0.08,Real Estate,United States
CodeCombat,SF Bay Area,8.0,2020-10-23,,Education,United States
Quibi,Los Angeles,,2020-10-21,1.0,Media,United States
GetYourGuide,"Berlin, Non-U.S.",90.0,2020-10-14,0.17,Travel,Germany
OLX India,"New Delhi, Non-U.S.",250.0,2020-10-10,,Marketing,India
Alto Pharmacy,SF Bay Area,47.0,2020-09-29,0.06,Healthcare,United States
Air,New York City,,2020-09-16,0.16,Marketing,United States
NS8,Las Vegas,240.0,2020-09-11,0.95,Data,United States
Bleacher Report,"London, Non-U.S.",20.0,2020-09-11,,Media,United Kingdom
HubHaus,SF Bay Area,,2020-09-11,1.0,Real Estate,United States
Waze,SF Bay Area,30.0,2020-09-09,0.054,Transportation,United States
Ouster,SF Bay Area,,2020-09-08,0.1,Transportation,United States
Awok,"Dubai, Non-U.S.",,2020-09-02,1.0,Retail,United Arab Emirates
Big Fish Games,Seattle,250.0,2020-09-01,,Media,United States
GoBear,"Singapore, Non-U.S.",22.0,2020-09-01,0.11,Finance,Singapore
MakeMyTrip,"New Delhi, Non-U.S.",350.0,2020-08-31,0.1,Travel,India
Salesforce,SF Bay Area,1000.0,2020-08-26,0.0185,Sales,United States
Superloop,"Brisbane, Non-U.S.",30.0,2020-08-24,,Infrastructure,Australia
Docly,"London, Non-U.S.",8.0,2020-08-19,0.8,Healthcare,United Kingdom
Lumina Networks,SF Bay Area,,2020-08-18,1.0,Infrastructure,United States
Shopify,"Ottawa, Non-U.S.",30.0,2020-08-14,,Retail,Canada
Mozilla,SF Bay Area,250.0,2020-08-11,0.25,Consumer,United States
Eatsy,"Singapore, Non-U.S.",20.0,2020-08-08,1.0,Food,Singapore
Glossier,New York City,150.0,2020-08-07,0.38,Retail,United States
Thriver,"Toronto, Non-U.S.",75.0,2020-08-06,0.5,Food,Canada
Vesta,Atlanta,56.0,2020-08-05,,Sales,United States
Booking.com,"Amsterdam, Non-U.S.",4375.0,2020-07-30,0.25,Travel,Netherlands
Buy.com / Rakuten,SF Bay Area,87.0,2020-07-30,1.0,Retail,United States
Procore,Los Angeles,180.0,2020-07-28,0.09,Construction,United States
Swiggy,"Bengaluru, Non-U.S.",350.0,2020-07-27,0.05,Food,India
Zeitgold,"Berlin, Non-U.S.",75.0,2020-07-27,0.72,Finance,Germany
Checkr,SF Bay Area,64.0,2020-07-23,0.12,HR,United States
Sorabel,"Jakarta, Non-U.S.",,2020-07-23,1.0,Retail,Indonesia
LinkedIn,SF Bay Area,960.0,2020-07-21,0.06,Recruiting,United States
Lighter Capital,Seattle,22.0,2020-07-20,0.49,Finance,United States
Curefit,"Bengaluru, Non-U.S.",120.0,2020-07-17,,Fitness,India
Optimizely,SF Bay Area,60.0,2020-07-15,0.15,Marketing,United States
Skyscanner,"Edinburgh, Non-U.S.",300.0,2020-07-14,0.2,Travel,United Kingdom
Yelp,SF Bay Area,63.0,2020-07-13,,Consumer,United States
Bizongo,"Mumbai, Non-U.S.",140.0,2020-07-10,,Logistics,India
Zilingo,"Singapore, Non-U.S.",100.0,2020-07-09,0.12,Retail,Singapore
PaySense,"Mumbai, Non-U.S.",40.0,2020-07-09,,Finance,India
Funding Circle,SF Bay Area,85.0,2020-07-08,,Finance,United States
The Wing,New York City,56.0,2020-07-01,,Real Estate,United States
Sharethrough,SF Bay Area,18.0,2020-07-01,,Marketing,United States
Kongregate,SF Bay Area,12.0,2020-07-01,,Media,United States
Havenly,Denver,5.0,2020-07-01,,Consumer,United States
G2,Chicago,17.0,2020-06-30,0.05,Marketing,United States
Katerra,SF Bay Area,400.0,2020-06-29,0.07,Construction,United States
Bounce,"Bengaluru, Non-U.S.",130.0,2020-06-29,0.22,Transportation,India
Argo AI,"Munich, Non-U.S.",100.0,2020-06-29,,Transportation,Germany
Bossa Nova,SF Bay Area,61.0,2020-06-29,,Retail,United States
New Relic,Portland,20.0,2020-06-29,,Infrastructure,United States
Engine eCommerce,Fayetteville,,2020-06-28,1.0,Retail,United States
GoDaddy,Austin,451.0,2020-06-24,0.06,Marketing,United States
Sonos,New York City,174.0,2020-06-24,0.12,Consumer,United States
Gojek,"Jakarta, Non-U.S.",430.0,2020-06-23,0.09,Transportation,Indonesia
ScaleFactor,Austin,90.0,2020-06-23,0.9,Finance,United States
Dark,SF Bay Area,6.0,2020-06-23,1.0,Product,United States
Intuit,SF Bay Area,715.0,2020-06-22,0.07,Finance,United States
WeWork,"London, Non-U.S.",200.0,2020-06-19,,Real Estate,United Kingdom
Atlas Obscura ,New York City,15.0,2020-06-18,,Media,United States
Navi,"Bengaluru, Non-U.S.",40.0,2020-06-17,0.25,Finance,India
PaisaBazaar,"Gurugram, Non-U.S.",1500.0,2020-06-16,0.5,Finance,India
Grab,"Singapore, Non-U.S.",360.0,2020-06-16,0.05,Transportation,Singapore
Splunk,SF Bay Area,70.0,2020-06-16,0.01,Data,United States
Redox,Madison,44.0,2020-06-16,0.25,Healthcare,United States
Conga,Denver,,2020-06-15,0.11,Data,United States
Stockwell AI,SF Bay Area,,2020-06-15,1.0,Retail,United States
Uber,"Amsterdam, Non-U.S.",225.0,2020-06-12,0.25,Transportation,Netherlands
SynapseFI,SF Bay Area,63.0,2020-06-12,0.48,Finance,United States
ScaleFocus,"Sofia, Non-U.S.",120.0,2020-06-11,0.1,Infrastructure,Bulgaria
Branch,New York City,3.0,2020-06-11,0.27,Retail,United States
Her Campus Media,Boston,10.0,2020-06-10,0.18,Media,United States
Integrate.ai,"Toronto, Non-U.S.",26.0,2020-06-09,,Support,Canada
The Athletic,SF Bay Area,46.0,2020-06-05,0.08,Media,United States
Ethos Life,SF Bay Area,18.0,2020-06-05,0.14,Finance,United States
Lastline,SF Bay Area,50.0,2020-06-04,0.4,Security,United States
Builder,Los Angeles,39.0,2020-06-04,0.14,Product,United States
Monzo,"London, Non-U.S.",120.0,2020-06-03,0.08,Finance,United Kingdom
Kitty Hawk,SF Bay Area,70.0,2020-06-03,,Aerospace,United States
SpotHero,Chicago,40.0,2020-06-03,0.21,Transportation,United States
Credit Sesame,SF Bay Area,22.0,2020-06-03,0.14,Finance,United States
Circ,"Berlin, Non-U.S.",100.0,2020-06-02,,Transportation,Germany
Rivian,Detroit,40.0,2020-06-02,0.02,Transportation,United States
Fundbox,SF Bay Area,14.0,2020-06-02,0.15,Finance,United States
Descartes Labs,Santa Fe,12.0,2020-06-02,0.16,Data,United States
MakerBot,New York City,12.0,2020-06-02,,Consumer,United States
Stitch Fix,SF Bay Area,1400.0,2020-06-01,0.18,Retail,United States
MakeMyTrip,"Gurugram, Non-U.S.",350.0,2020-06-01,0.1,Travel,India
CrowdStreet,Portland,24.0,2020-06-01,0.22,Real Estate,United States
Brex,SF Bay Area,62.0,2020-05-29,0.15,Finance,United States
Loftium,Seattle,32.0,2020-05-29,0.6,Real Estate,United States
BookMyShow,"Mumbai, Non-U.S.",270.0,2020-05-28,0.18,Consumer,India
TrueCar,Los Angeles,219.0,2020-05-28,0.3,Transportation,United States
StubHub,SF Bay Area,200.0,2020-05-28,,Consumer,United States
Culture Amp,"Melbourne, Non-U.S.",36.0,2020-05-28,0.08,HR,Australia
The Sill,New York City,20.0,2020-05-28,0.25,Retail,United States
Instructure,Salt Lake City,150.0,2020-05-27,0.12,Education,United States
Ebanx,"Curitiba, Non-U.S.",62.0,2020-05-27,0.08,Finance,Brazil
Uber,Bengaluru,600.0,2020-05-26,0.23,Transportation,India
Bluprint,Denver,137.0,2020-05-26,1.0,Education,United States
Acorns,Portland,50.0,2020-05-26,,Finance,United States
CarDekho,"Gurugram, Non-U.S.",200.0,2020-05-25,,Transportation,India
Teamwork,"Cork, Non-U.S.",21.0,2020-05-22,,Other,Ireland
Cvent,Washington D.C.,400.0,2020-05-21,0.1,Marketing,United States
PickYourTrail,"Chennai, Non-U.S.",70.0,2020-05-21,0.35,Travel,India
Glitch,New York City,18.0,2020-05-21,0.36,Product,United States
Ola,"Bengaluru, Non-U.S.",1400.0,2020-05-20,0.35,Transportation,India
Samsara,SF Bay Area,300.0,2020-05-20,0.18,Logistics,United States
Stay Alfred,Spokane,221.0,2020-05-20,1.0,Travel,United States
SoFi,SF Bay Area,112.0,2020-05-20,0.07,Finance,United States
ShareChat,"Bengaluru, Non-U.S.",101.0,2020-05-20,0.25,Marketing,India
Intercom,SF Bay Area,39.0,2020-05-20,0.06,Support,United States
Livspace,"Bengaluru, Non-U.S.",450.0,2020-05-19,0.15,Retail,India
Pollen,"London, Non-U.S.",69.0,2020-05-19,0.31,Travel,United Kingdom
Dotscience,"London, Non-U.S.",10.0,2020-05-19,1.0,Product,United Kingdom
Uber,SF Bay Area,3000.0,2020-05-18,0.13,Transportation,United States
Agoda,"Singapore, Non-U.S.",1500.0,2020-05-18,0.25,Travel,Singapore
Swiggy,"Bengaluru, Non-U.S.",1100.0,2020-05-18,0.14,Food,India
WeWork,"New Delhi, Non-U.S.",100.0,2020-05-18,0.2,Real Estate,India
Rubrik,SF Bay Area,57.0,2020-05-18,,Infrastructure,United States
Intapp,SF Bay Area,45.0,2020-05-18,0.05,Legal,United States
Datera,SF Bay Area,,2020-05-18,0.1,Infrastructure,United States
Magicbricks,"Noida, Non-U.S.",250.0,2020-05-17,,Real Estate,India
Zomato,"Gurugram, Non-U.S.",520.0,2020-05-15,0.13,Food,India
Lendingkart,"Ahmedabad, Non-U.S.",500.0,2020-05-15,0.5,Finance,India
Lattice,SF Bay Area,16.0,2020-05-15,0.1,HR,United States
Masse,New York City,,2020-05-15,1.0,Retail,United States
Cruise,SF Bay Area,150.0,2020-05-14,0.08,Transportation,United States
Quartz,New York City,80.0,2020-05-14,0.4,Media,United States
Integral Ad Science,New York City,70.0,2020-05-14,0.1,Marketing,United States
Ridecell,SF Bay Area,35.0,2020-05-14,0.15,Transportation,United States
Veem,SF Bay Area,30.0,2020-05-14,,Finance,United States
TicketSwap,"Amsterdam, Non-U.S.",,2020-05-14,0.3,Consumer,Netherlands
Deliv,SF Bay Area,669.0,2020-05-13,1.0,Retail,United States
Mercos,"Joinville, Non-U.S.",51.0,2020-05-13,0.4,Sales,Brazil
Kickstarter,New York City,25.0,2020-05-13,0.18,Finance,United States
Intersect,"Toronto, Non-U.S.",19.0,2020-05-13,0.11,Product,Canada
Mode Analytics,SF Bay Area,17.0,2020-05-13,,Data,United States
WeFit,"Hanoi, Non-U.S.",,2020-05-13,1.0,Fitness,Vietnam
Zymergen ,SF Bay Area,,2020-05-13,0.1,Other,United States
Stone,"Sao Paulo, Non-U.S.",1300.0,2020-05-12,0.2,Finance,Brazil
Zeus Living,SF Bay Area,73.0,2020-05-12,0.5,Real Estate,United States
Mixpanel,SF Bay Area,65.0,2020-05-12,0.19,Data,United States
Hireology,Chicago,36.0,2020-05-12,0.17,Recruiting,United States
Top Hat,"Toronto, Non-U.S.",16.0,2020-05-12,0.03,Education,Canada
Revolut,"London, Non-U.S.",60.0,2020-05-11,0.03,Finance,United Kingdom
Cadre,New York City,28.0,2020-05-11,0.25,Real Estate,United States
N26,New York City,9.0,2020-05-08,0.01,Finance,United States
Jump,New York City,500.0,2020-05-07,1.0,Transportation,United States
Glassdoor,SF Bay Area,300.0,2020-05-07,0.3,Recruiting,United States
Numbrs,"Zurich, Non-U.S.",62.0,2020-05-07,0.5,Finance,Switzerland
Flywire,Boston,60.0,2020-05-07,0.12,Finance,United States
SalesLoft,Atlanta,55.0,2020-05-07,,Sales,United States
Tally,SF Bay Area,28.0,2020-05-07,0.23,Finance,United States
Airy Rooms,"Jakarta, Non-U.S.",,2020-05-07,1.0,Travel,Indonesia
Uber,SF Bay Area,3700.0,2020-05-06,0.14,Transportation,United States
Validity,Boston,130.0,2020-05-06,0.33,Data,United States
Flatiron School,New York City,100.0,2020-05-06,,Education,United States
Rubicon Project,Los Angeles,50.0,2020-05-06,0.08,Marketing,United States
Segment,SF Bay Area,50.0,2020-05-06,0.1,Data,United States
OPay,"Lagos, Non-U.S.",,2020-05-06,0.7000000000000001,Finance,Nigeria
Airbnb,SF Bay Area,1900.0,2020-05-05,0.25,Travel,United States
Juul,SF Bay Area,900.0,2020-05-05,0.3,Consumer,United States
Andela,New York City,135.0,2020-05-05,0.1,Recruiting,United States
Stack Overflow,New York City,40.0,2020-05-05,0.15,Recruiting,United States
Pipedrive,"Tallinn, Non-U.S.",31.0,2020-05-05,,Sales,Estonia
Workable,Boston,25.0,2020-05-05,0.1,Recruiting,United States
Curefit,"Bengaluru, Non-U.S.",800.0,2020-05-04,0.16,Fitness,India
Careem,"Dubai, Non-U.S.",536.0,2020-05-04,0.31,Transportation,United Arab Emirates
Oriente,"Hong Kong, Non-U.S.",400.0,2020-05-04,0.2,Finance,Hong Kong
Veriff,"Tallinn, Non-U.S.",63.0,2020-05-04,0.21,Security,Estonia
Element AI,"Montreal, Non-U.S.",62.0,2020-05-04,0.15,Other,Canada
Deputy,"Sydney, Non-U.S.",60.0,2020-05-04,0.3,HR,Australia
Loopio,"Toronto, Non-U.S.",11.0,2020-05-04,0.08,Sales,Canada
Castlight Health,SF Bay Area,,2020-05-04,0.13,Healthcare,United States
Trax,"Tel Aviv, Non-U.S.",120.0,2020-05-03,0.1,Retail,Israel
LiveTiles,New York City,50.0,2020-05-03,,Other,United States
OYO,"London, Non-U.S.",150.0,2020-05-01,,Travel,United Kingdom
Namely,New York City,110.0,2020-05-01,0.4,HR,United States
Culture Trip,"London, Non-U.S.",95.0,2020-05-01,0.32,Media,United Kingdom
Sandbox VR,SF Bay Area,80.0,2020-05-01,0.8,Consumer,United States
Virtudent,Boston,70.0,2020-05-01,,Healthcare,United States
Monese,"Lisbon, Non-U.S.",35.0,2020-05-01,,Finance,Portugal
TheSkimm,New York City,26.0,2020-05-01,0.2,Media,United States
Automatic,SF Bay Area,,2020-05-01,1.0,Transportation,United States
Bullhorn,Boston,100.0,2020-04-30,,Sales,United States
Care.com,Boston,81.0,2020-04-30,,Consumer,United States
Fandom,SF Bay Area,,2020-04-30,0.14,Media,United States
PicoBrew,Seattle,,2020-04-30,1.0,Food,United States
Lyft,SF Bay Area,982.0,2020-04-29,0.17,Transportation,United States
WeWork,SF Bay Area,300.0,2020-04-29,,Real Estate,United States
Kayak / OpenTable,Stamford,160.0,2020-04-29,0.08,Travel,United States
Kitopi,New York City,124.0,2020-04-29,,Food,United States
Lime,SF Bay Area,80.0,2020-04-29,0.13,Transportation,United States
Transfix,New York City,24.0,2020-04-29,0.1,Logistics,United States
TripAdvisor,Boston,900.0,2020-04-28,0.25,Travel,United States
Renmoney,"Lagos, Non-U.S.",391.0,2020-04-28,0.5,Finance,Nigeria
Deliveroo,"London, Non-U.S.",367.0,2020-04-28,0.15,Food,United Kingdom
App Annie,SF Bay Area,80.0,2020-04-28,0.18,Data,United States
OpenX,Los Angeles,35.0,2020-04-28,0.15,Marketing,United States
PayJoy,SF Bay Area,27.0,2020-04-28,0.25,Finance,United States
Shipsi,Los Angeles,20.0,2020-04-28,0.5,Retail,United States
Migo,SF Bay Area,,2020-04-28,0.25,Finance,United States
Automation Anywhere,SF Bay Area,260.0,2020-04-27,0.1,Other,United States
JetClosing,Seattle,20.0,2020-04-27,0.2,Real Estate,United States
Qwick,Phoenix,,2020-04-27,0.7000000000000001,Recruiting,United States
OYO,"Sao Paulo, Non-U.S.",500.0,2020-04-25,,Travel,Brazil
Stoqo,"Jakarta, Non-U.S.",250.0,2020-04-25,1.0,Food,Indonesia
Submittable,Missoula,30.0,2020-04-25,0.2,Other,United States
Divergent 3D,Los Angeles,57.0,2020-04-24,0.36,Transportation,United States
Ada Support,"Toronto, Non-U.S.",36.0,2020-04-24,0.23,Support,Canada
UPshow,Chicago,19.0,2020-04-24,0.3,Marketing,United States
Lighter Capital,Seattle,18.0,2020-04-24,0.22,Finance,United States
Horizn Studios,"Berlin, Non-U.S.",15.0,2020-04-24,0.25,Travel,Germany
Welkin Health,SF Bay Area,10.0,2020-04-24,0.33,Healthcare,United States
Jiobit,Chicago,6.0,2020-04-24,0.21,Consumer,United States
TutorMundi,"Sao Paulo, Non-U.S.",4.0,2020-04-24,1.0,Education,Brazil
StockX,Detroit,100.0,2020-04-23,0.12,Retail,United States
Zenefits,SF Bay Area,87.0,2020-04-23,0.15,HR,United States
Sisense,New York City,80.0,2020-04-23,0.09,Data,United States
Oscar Health,New York City,70.0,2020-04-23,0.05,Healthcare,United States
Simon Data,New York City,6.0,2020-04-23,,Marketing,United States
Convoy,Seattle,,2020-04-23,0.01,Logistics,United States
Magic Leap,Miami,1000.0,2020-04-22,0.5,Consumer,United States
When I Work,Minneapolis,55.0,2020-04-22,0.35,HR,United States
Ike,SF Bay Area,10.0,2020-04-22,0.14,Transportation,United States
Airy Rooms,"Jakarta, Non-U.S.",,2020-04-22,0.7000000000000001,Travel,Indonesia
Nearmap,"Sydney, Non-U.S.",,2020-04-22,0.1,Construction,Australia
Swiggy,"Bengaluru, Non-U.S.",800.0,2020-04-21,,Food,India
Paytm,"New Delhi, Non-U.S.",500.0,2020-04-21,,Finance,India
Lending Club,SF Bay Area,460.0,2020-04-21,0.3,Finance,United States
Houzz,SF Bay Area,155.0,2020-04-21,0.1,Consumer,United States
Casper,New York City,78.0,2020-04-21,0.21,Retail,United States
RealSelf,Seattle,40.0,2020-04-21,0.13,Healthcare,United States
Freshbooks,"Toronto, Non-U.S.",38.0,2020-04-21,0.09,Finance,Canada
Patreon,SF Bay Area,30.0,2020-04-21,0.13,Media,United States
Lambda School,SF Bay Area,19.0,2020-04-21,,Education,United States
Politico / Protocol,Washington D.C.,13.0,2020-04-21,,Media,United States
Bringg,"Tel Aviv, Non-U.S.",10.0,2020-04-21,0.1,Logistics,Israel
Klook,"Hong Kong, Non-U.S.",300.0,2020-04-20,0.15,Travel,Hong Kong
ConsenSys,New York City,91.0,2020-04-20,0.14,Crypto,United States
GumGum,Los Angeles,90.0,2020-04-20,0.25,Marketing,United States
Kueski,"Guadalajara, Non-U.S.",90.0,2020-04-20,0.3,Finance,Mexico
Movidesk,"Blumenau, Non-U.S.",33.0,2020-04-20,0.25,Support,Brazil
Zum,SF Bay Area,28.0,2020-04-20,,Transportation,United States
Komodo Health,SF Bay Area,23.0,2020-04-20,0.09,Healthcare,United States
Forward,SF Bay Area,10.0,2020-04-20,0.03,Healthcare,United States
Hipcamp,SF Bay Area,,2020-04-20,0.6,Travel,United States
Motif Investing,SF Bay Area,,2020-04-18,1.0,Finance,United States
BlackBuck,"Bengaluru, Non-U.S.",200.0,2020-04-17,,Logistics,India
ContaAzul,"Joinville, Non-U.S.",140.0,2020-04-17,0.35,Education,Brazil
Greenhouse,New York City,120.0,2020-04-17,0.28,Recruiting,United States
QuintoAndar,"Sao Paulo, Non-U.S.",88.0,2020-04-17,0.08,Real Estate,Brazil
Loft,"Sao Paulo, Non-U.S.",47.0,2020-04-17,0.1,Real Estate,Brazil
Zilingo,"Singapore, Non-U.S.",44.0,2020-04-17,0.05,Retail,Singapore
Labster,"Copenhagen, Non-U.S.",40.0,2020-04-17,,Education,Denmark
Sweetgreen,Los Angeles,35.0,2020-04-17,0.1,Food,United States
People.ai,SF Bay Area,30.0,2020-04-17,0.18,Marketing,United States
Tor,Boston,13.0,2020-04-17,0.37,Security,United States
BitGo,SF Bay Area,,2020-04-17,0.12,Crypto,United States
Dispatch,Boston,,2020-04-17,0.38,Other,United States
CarGurus,Boston,130.0,2020-04-16,0.13,Transportation,United States
Funding Societies,"Singapore, Non-U.S.",65.0,2020-04-16,0.18,Finance,Singapore
CleverTap,"Mumbai, Non-U.S.",60.0,2020-04-16,0.2,Marketing,India
Purse,SF Bay Area,,2020-04-16,1.0,Crypto,United States
Opendoor,SF Bay Area,600.0,2020-04-15,0.35,Real Estate,United States
GoPro,SF Bay Area,200.0,2020-04-15,0.2,Consumer,United States
Shop101,"Mumbai, Non-U.S.",200.0,2020-04-15,0.4,Retail,India
Zume,SF Bay Area,200.0,2020-04-15,0.67,Food,United States
Carta,SF Bay Area,161.0,2020-04-15,0.16,Finance,United States
Akulaku,"Jakarta, Non-U.S.",100.0,2020-04-15,,Finance,Indonesia
Parsable,SF Bay Area,40.0,2020-04-15,0.25,HR,United States
Kodiak Robotics,SF Bay Area,15.0,2020-04-15,0.2,Transportation,United States
Tulip Retail,"Toronto, Non-U.S.",14.0,2020-04-15,,Retail,Canada
Trove Recommerce,SF Bay Area,13.0,2020-04-15,,Retail,United States
Dude Solutions,Raleigh,,2020-04-15,0.2,Other,United States
SweetEscape,"Jakarta, Non-U.S.",,2020-04-15,0.3,Consumer,Indonesia
The RealReal,SF Bay Area,235.0,2020-04-14,0.1,Retail,United States
TouchBistro,"Toronto, Non-U.S.",131.0,2020-04-14,0.23,Food,Canada
Envoy,SF Bay Area,58.0,2020-04-14,0.3,HR,United States
VSCO,SF Bay Area,45.0,2020-04-14,0.35,Consumer,United States
Skillz,SF Bay Area,21.0,2020-04-14,,Consumer,United States
DataStax,SF Bay Area,15.0,2020-04-14,,Data,United States
Xerpa,"Sao Paulo, Non-U.S.",10.0,2020-04-14,,HR,Brazil
Groupon,Chicago,2800.0,2020-04-13,0.44,Retail,United States
Zoox,SF Bay Area,100.0,2020-04-13,0.1,Transportation,United States
Neon,"Sao Paulo, Non-U.S.",70.0,2020-04-13,0.1,Finance,Brazil
EasyPost,SF Bay Area,50.0,2020-04-13,0.25,Logistics,United States
Clearbanc,"Toronto, Non-U.S.",17.0,2020-04-13,0.08,Finance,Canada
Meow Wolf,Santa Fe,201.0,2020-04-10,,Media,United States
Frontdesk,Milwaukee,35.0,2020-04-10,0.16,Travel,United States
BeeTech,"Sao Paulo, Non-U.S.",30.0,2020-04-10,,Finance,Brazil
Built In,Chicago,28.0,2020-04-10,,Recruiting,United States
NuoDB,Boston,20.0,2020-04-10,0.29,Data,United States
Rhumbix,SF Bay Area,16.0,2020-04-10,0.27,Construction,United States
Atsu,Seattle,6.0,2020-04-10,1.0,Infrastructure,United States
Geekwire,Seattle,5.0,2020-04-10,0.31,Media,United States
Yelp,SF Bay Area,1000.0,2020-04-09,0.17,Consumer,United States
Monzo,Las Vegas,165.0,2020-04-09,,Finance,United States
OneTrust,Atlanta,150.0,2020-04-09,0.1,Legal,United States
Omie,"Sao Paulo, Non-U.S.",136.0,2020-04-09,0.31,Finance,Brazil
Domo,Salt Lake City,90.0,2020-04-09,0.1,Data,United States
Matterport,SF Bay Area,90.0,2020-04-09,0.34,Data,United States
Clinc,Ann Arbor,40.0,2020-04-09,0.32,Support,United States
Mejuri,"Toronto, Non-U.S.",36.0,2020-04-09,0.15,Retail,Canada
Code42,Minneapolis,25.0,2020-04-09,0.05,Data,United States
Lighthouse Labs,"Toronto, Non-U.S.",14.0,2020-04-09,0.07,Education,Canada
LoopMe,"London, Non-U.S.",8.0,2020-04-09,0.04,Marketing,United Kingdom
Elliptic,"London, Non-U.S.",,2020-04-09,0.3,Crypto,United Kingdom
Eventbrite,SF Bay Area,500.0,2020-04-08,0.45,Consumer,United States
Meesho,"Bengaluru, Non-U.S.",200.0,2020-04-08,0.28,Retail,India
Scoop,SF Bay Area,92.0,2020-04-08,0.33,Transportation,United States
Unison,SF Bay Area,89.0,2020-04-08,0.45,Finance,United States
Lever,SF Bay Area,86.0,2020-04-08,0.4,Recruiting,United States
Unbabel,"Lisbon, Non-U.S.",80.0,2020-04-08,0.35,Support,Portugal
Button,New York City,48.0,2020-04-08,0.35,Marketing,United States
Eden / Managed By Q,New York City,40.0,2020-04-08,0.4,Real Estate,United States
Quantcast,SF Bay Area,30.0,2020-04-08,0.05,Marketing,United States
BVAccel,San Diego,25.0,2020-04-08,0.25,Marketing,United States
VideoAmp,Los Angeles,21.0,2020-04-08,0.1,Marketing,United States
Kenoby,"Sao Paulo, Non-U.S.",18.0,2020-04-08,0.16,Recruiting,Brazil
Connected,"Toronto, Non-U.S.",17.0,2020-04-08,0.1,Product,Canada
GetNinjas,"Sao Paulo, Non-U.S.",11.0,2020-04-08,0.1,Consumer,Brazil
Spyce,Boston,4.0,2020-04-08,0.12,Food,United States
Creditas,"Sao Paulo, Non-U.S.",,2020-04-08,0.06,Finance,Brazil
RedDoorz,"Singapore, Non-U.S.",,2020-04-08,0.1,Travel,Singapore
Zola,New York City,,2020-04-08,0.2,Retail,United States
Toast,Boston,1300.0,2020-04-07,0.5,Food,United States
ezCater,Boston,400.0,2020-04-07,0.44,Food,United States
Sage Therapeutics,Boston,340.0,2020-04-07,0.53,Healthcare,United States
Redfin,Seattle,236.0,2020-04-07,0.07,Real Estate,United States
Branch Metrics,SF Bay Area,100.0,2020-04-07,0.2,Marketing,United States
Newfront Insurance,SF Bay Area,94.0,2020-04-07,,Finance,United States
Ibotta,Denver,87.0,2020-04-07,0.15,Retail,United States
Virta Health,SF Bay Area,65.0,2020-04-07,,Healthcare,United States
Away,New York City,60.0,2020-04-07,0.1,Retail,United States
MediaMath,New York City,53.0,2020-04-07,0.08,Marketing,United States
Group Nine Media,New York City,50.0,2020-04-07,0.07,Media,United States
Payfactors,Boston,46.0,2020-04-07,,HR,United States
Nav,Salt Lake City,30.0,2020-04-07,,Finance,United States
Metromile,SF Bay Area,100.0,2020-04-06,0.33,Finance,United States
Rock Content,"Belo Horizonte, Non-U.S.",100.0,2020-04-06,0.2,Marketing,Brazil
BounceX,New York City,77.0,2020-04-06,0.2,Marketing,United States
C6 Bank,"Sao Paulo, Non-U.S.",60.0,2020-04-06,0.06,Finance,Brazil
Wordstream,Boston,26.0,2020-04-06,0.1,Marketing,United States
Cogito,Boston,24.0,2020-04-06,0.14,Support,United States
BusBud,"Montreal, Non-U.S.",23.0,2020-04-06,0.32,Transportation,Canada
Borrowell,"Toronto, Non-U.S.",15.0,2020-04-06,0.2,Finance,Canada
PerkSpot,Chicago,10.0,2020-04-06,0.1,HR,United States
Astra,SF Bay Area,40.0,2020-04-05,0.25,Aerospace,United States
Iflix,"Kuala Lumpur, Non-U.S.",50.0,2020-04-04,0.12,Consumer,Malaysia
Gympass,"Sao Paulo, Non-U.S.",467.0,2020-04-03,0.33,Fitness,Brazil
Sojern,SF Bay Area,300.0,2020-04-03,0.5,Marketing,United States
MaxMilhas,"Belo Horizonte, Non-U.S.",167.0,2020-04-03,0.42,Travel,Brazil
Minted,SF Bay Area,147.0,2020-04-03,0.37,Retail,United States
Velodyne Lidar,SF Bay Area,140.0,2020-04-03,,Transportation,United States
Zoox,SF Bay Area,120.0,2020-04-03,,Transportation,United States
Traveloka,"Jakarta, Non-U.S.",100.0,2020-04-03,0.1,Travel,Indonesia
Arrive Logistics,Austin,75.0,2020-04-03,0.07,Logistics,United States
Salsify,Boston,60.0,2020-04-03,0.13,Retail,United States
Jetty,New York City,35.0,2020-04-03,0.4,Finance,United States
D2iQ,SF Bay Area,34.0,2020-04-03,0.13,Infrastructure,United States
Bustle Digital Group,New York City,24.0,2020-04-03,0.08,Media,United States
Bustle Digital Group,New York City,19.0,2020-04-03,,Media,United States
Opencare,"Toronto, Non-U.S.",18.0,2020-04-03,0.25,Healthcare,Canada
Anagram,Los Angeles,17.0,2020-04-03,,Healthcare,United States
G/O Media Group,New York City,14.0,2020-04-03,0.05,Media,United States
DSCO,Salt Lake City,12.0,2020-04-03,,Retail,United States
Tripbam,Dallas,10.0,2020-04-03,0.25,Travel,United States
Avantage Entertainment,Minneapolis,5.0,2020-04-03,0.2,Media,United States
The Wing,New York City,,2020-04-03,0.5,Real Estate,United States
MindBody,San Luis Obispo,700.0,2020-04-02,0.35,Fitness,United States
Katerra,SF Bay Area,240.0,2020-04-02,0.03,Construction,United States
Ritual,"Toronto, Non-U.S.",196.0,2020-04-02,0.54,Food,Canada
ClassPass,New York City,154.0,2020-04-02,0.22,Fitness,United States
eGym,"Munich, Non-U.S.",100.0,2020-04-02,0.25,Fitness,Germany
Voi,"Stockholm, Non-U.S.",100.0,2020-04-02,,Transportation,Sweden
Industrious,New York City,90.0,2020-04-02,0.2,Real Estate,United States
1stdibs,New York City,70.0,2020-04-02,0.17,Retail,United States
ThirdLove,SF Bay Area,65.0,2020-04-02,0.3,Retail,United States
Latch,New York City,60.0,2020-04-02,,Security,United States
The Predictive Index,Boston,59.0,2020-04-02,0.25,HR,United States
Shuttl,"New Delhi, Non-U.S.",40.0,2020-04-02,,Transportation,India
Jobcase,Boston,39.0,2020-04-02,0.2,Recruiting,United States
Copper,SF Bay Area,35.0,2020-04-02,,Marketing,United States
Dynamic Signal,SF Bay Area,35.0,2020-04-02,0.19,HR,United States
FiscalNote,Washington D.C.,30.0,2020-04-02,,Media,United States
Sauce Labs,SF Bay Area,30.0,2020-04-02,0.15,Infrastructure,United States
Humu,SF Bay Area,26.0,2020-04-02,,HR,United States
TripleLift,New York City,23.0,2020-04-02,0.07,Marketing,United States
Coding Dojo,Seattle,7.0,2020-04-02,0.07,Education,United States
Instamojo,"Bengaluru, Non-U.S.",6.0,2020-04-02,0.06,Finance,India
Synergysuite,Salt Lake City,5.0,2020-04-02,0.07,Food,United States
Atlanta Tech Village,Atlanta,,2020-04-02,0.5,Real Estate,United States
The Modist,"Dubai, Non-U.S.",,2020-04-02,1.0,Retail,United Arab Emirates
Booksy,SF Bay Area,200.0,2020-04-01,,Consumer,United States
Flymya,"Yangon, Non-U.S.",200.0,2020-04-01,0.33,Travel,Myanmar
PatientPop,Los Angeles,100.0,2020-04-01,0.2,Healthcare,United States
Showpad,Chicago,52.0,2020-04-01,0.12,Marketing,United States
Highsnobiety,"Berlin, Non-U.S.",51.0,2020-04-01,0.25,Media,Germany
Earnin,SF Bay Area,50.0,2020-04-01,0.2,Finance,United States
Wonolo,SF Bay Area,46.0,2020-04-01,0.13,Recruiting,United States
Acko,"Mumbai, Non-U.S.",45.0,2020-04-01,0.09,Finance,India
Moovel,Portland,28.0,2020-04-01,0.37,Transportation,United States
Aqua Security,"Tel Aviv, Non-U.S.",24.0,2020-04-01,0.09,Security,Israel
Crayon,Boston,20.0,2020-04-01,0.2,Marketing,United States
Pana,Denver,18.0,2020-04-01,,Travel,United States
Sensibill,"Toronto, Non-U.S.",17.0,2020-04-01,0.2,Finance,Canada
Usermind,Seattle,15.0,2020-04-01,0.25,Marketing,United States
Incredible Health,SF Bay Area,9.0,2020-04-01,0.4,Healthcare,United States
Le Tote,SF Bay Area,,2020-04-01,0.5,Retail,United States
Pebblepost,New York City,,2020-04-01,0.6,Marketing,United States
WhyHotel,Washington D.C.,,2020-04-01,0.5,Travel,United States
KeepTruckin,SF Bay Area,349.0,2020-03-31,0.18,Logistics,United States
AdRoll,Salt Lake City,210.0,2020-03-31,0.3,Marketing,United States
Rover,Seattle,194.0,2020-03-31,0.41,Consumer,United States
Turo,SF Bay Area,108.0,2020-03-31,0.3,Transportation,United States
uShip,Austin,65.0,2020-03-31,0.37,Logistics,United States
SkySlope,Sacramento,50.0,2020-03-31,0.25,Real Estate,United States
Siteimprove,Minneapolis,40.0,2020-03-31,,Marketing,United States
AngelList,SF Bay Area,20.0,2020-03-31,,Recruiting,United States
Zenoti,Seattle,17.0,2020-03-31,0.04,Fitness,United States
DialSource,Sacramento,5.0,2020-03-31,0.14,Marketing,United States
Domio,New York City,,2020-03-31,0.3,Travel,United States
Kazoo,Austin,,2020-03-31,0.35,HR,United States
Thumbtack,SF Bay Area,250.0,2020-03-30,0.3,Consumer,United States
RigUp,Austin,120.0,2020-03-30,0.25,Energy,United States
FabHotels,"New Delhi, Non-U.S.",80.0,2020-03-30,0.2,Travel,India
Hibob,"Tel Aviv, Non-U.S.",70.0,2020-03-30,0.3,HR,Israel
PeerStreet,Los Angeles,51.0,2020-03-30,0.3,Finance,United States
Maven,Seattle,31.0,2020-03-30,0.09,Media,United States
Blume Global,SF Bay Area,30.0,2020-03-30,0.1,Logistics,United States
Catalant,Boston,30.0,2020-03-30,,Other,United States
Starship Technologies,"Tallinn, Non-U.S.",30.0,2020-03-30,,Transportation,Estonia
Loftsmart,New York City,25.0,2020-03-30,0.75,Real Estate,United States
Caliva,SF Bay Area,20.0,2020-03-30,,Retail,United States
Iris Nova,New York City,9.0,2020-03-30,0.5,Food,United States
ZipRecruiter,Los Angeles,400.0,2020-03-29,0.39,Recruiting,United States
Amplero,Seattle,17.0,2020-03-29,1.0,Marketing,United States
Polarr,SF Bay Area,10.0,2020-03-29,,Consumer,United States
TravelTriangle,"Gurugram, Non-U.S.",250.0,2020-03-28,0.5,Travel,India
WeWork,New York City,250.0,2020-03-28,,Real Estate,United States
OneWeb,"London, Non-U.S.",451.0,2020-03-27,0.85,Aerospace,United Kingdom
Bird,Los Angeles,406.0,2020-03-27,0.3,Transportation,United States
HOOQ,"Singapore, Non-U.S.",250.0,2020-03-27,1.0,Consumer,Singapore
Everlane,SF Bay Area,227.0,2020-03-27,,Retail,United States
DataRobot,Boston,200.0,2020-03-27,,Data,United States
Restaurant365,Los Angeles,175.0,2020-03-27,,Food,United States
Blueground,New York City,130.0,2020-03-27,0.25,Real Estate,United States
Knotel,New York City,127.0,2020-03-27,0.3,Real Estate,United States
Getaround,SF Bay Area,100.0,2020-03-27,0.25,Transportation,United States
Zipcar,Boston,100.0,2020-03-27,0.2,Transportation,United States
Mogo,"Vancouver, Non-U.S.",78.0,2020-03-27,0.3,Finance,Canada
DISCO,Austin,75.0,2020-03-27,,Legal,United States
Raken,San Diego,60.0,2020-03-27,,Construction,United States
Bench,"Vancouver, Non-U.S.",47.0,2020-03-27,0.1,Finance,Canada
Loft,"Sao Paulo, Non-U.S.",47.0,2020-03-27,,Real Estate,Brazil
Oh My Green,SF Bay Area,40.0,2020-03-27,,Food,United States
Bevi,Boston,30.0,2020-03-27,0.2,Food,United States
Textio,Seattle,30.0,2020-03-27,0.2,Recruiting,United States
Opal,Portland,20.0,2020-03-27,,Marketing,United States
ThirdLove,New York City,10.0,2020-03-27,,Retail,United States
B8ta,SF Bay Area,250.0,2020-03-26,0.5,Retail,United States
Fareportal,"Gurugram, Non-U.S.",200.0,2020-03-26,,Travel,India
Puppet,Portland,50.0,2020-03-26,0.1,Infrastructure,United States
Ecobee,"Toronto, Non-U.S.",47.0,2020-03-26,0.1,Energy,Canada
Passport,Charlotte,44.0,2020-03-26,,Transportation,United States
Peerspace,SF Bay Area,41.0,2020-03-26,0.75,Real Estate,United States
GoSpotCheck,Denver,23.0,2020-03-26,0.2,Retail,United States
Consider.co,SF Bay Area,13.0,2020-03-26,1.0,Other,United States
Nativo,Los Angeles,,2020-03-26,0.4,Marketing,United States
TripActions,SF Bay Area,300.0,2020-03-25,0.25,Travel,United States
Lyric,SF Bay Area,100.0,2020-03-25,,Real Estate,United States
Rangle,"Toronto, Non-U.S.",78.0,2020-03-25,0.3,Product,Canada
O'Reilly Media,SF Bay Area,75.0,2020-03-25,0.15,Media,United States
WanderJaunt,SF Bay Area,56.0,2020-03-25,0.23,Travel,United States
OutboundEngine,Austin,52.0,2020-03-25,0.28,Marketing,United States
Wonderschool,SF Bay Area,50.0,2020-03-25,0.75,Education,United States
Overtime,New York City,30.0,2020-03-25,0.23,Media,United States
Jama,Portland,12.0,2020-03-25,0.05,Product,United States
Element Analytics,SF Bay Area,10.0,2020-03-25,,Data,United States
Clutter,Los Angeles,,2020-03-25,0.3,Consumer,United States
Divvy Homes,SF Bay Area,,2020-03-25,0.08,Real Estate,United States
Sonder,SF Bay Area,400.0,2020-03-24,0.33,Travel,United States
Takl,Nashville,130.0,2020-03-24,,Consumer,United States
Foodsby,Minneapolis,87.0,2020-03-24,0.67,Food,United States
Zeus Living,SF Bay Area,80.0,2020-03-24,0.3,Real Estate,United States
TravelBank,SF Bay Area,20.0,2020-03-24,,Travel,United States
Flowr,"Toronto, Non-U.S.",,2020-03-24,0.25,Retail,Canada
Peerfit,Tampa Bay,,2020-03-24,0.4,HR,United States
Compass,New York City,375.0,2020-03-23,0.15,Real Estate,United States
Convene,New York City,150.0,2020-03-23,0.18,Real Estate,United States
Leafly,Seattle,91.0,2020-03-23,0.5,Retail,United States
The Guild,Austin,38.0,2020-03-23,0.22,Travel,United States
Drip,Salt Lake City,20.0,2020-03-23,,Marketing,United States
GrayMeta,Los Angeles,20.0,2020-03-23,0.4,Data,United States
Triplebyte,SF Bay Area,15.0,2020-03-23,0.17,Recruiting,United States
Ladder Life,SF Bay Area,13.0,2020-03-23,0.25,Finance,United States
Cabin,SF Bay Area,,2020-03-23,0.2,Travel,United States
Eight Sleep,New York City,,2020-03-23,0.2,Retail,United States
Flywheel Sports,New York City,784.0,2020-03-20,0.98,Fitness,United States
Peek,Salt Lake City,45.0,2020-03-20,,Travel,United States
CTO.ai,"Vancouver, Non-U.S.",30.0,2020-03-20,0.5,Infrastructure,Canada
Yonder,Austin,18.0,2020-03-20,,Media,United States
Service,Los Angeles,,2020-03-20,1.0,Travel,United States
Bounce,"Bengaluru, Non-U.S.",120.0,2020-03-19,,Transportation,India
Ejento,SF Bay Area,84.0,2020-03-19,1.0,Recruiting,United States
Remote Year,Chicago,50.0,2020-03-19,0.5,Travel,United States
Lola,Boston,34.0,2020-03-19,,Travel,United States
Popin,New York City,,2020-03-19,1.0,Fitness,United States
Flytedesk,Boulder,4.0,2020-03-18,0.2,Marketing,United States
Inspirato,Denver,130.0,2020-03-16,0.22,Travel,United States
Help.com,Austin,16.0,2020-03-16,1.0,Support,United States
Service,Los Angeles,,2020-03-16,1.0,Travel,United States
HopSkipDrive,Los Angeles,8.0,2020-03-13,0.1,Transportation,United States
Panda Squad,SF Bay Area,6.0,2020-03-13,0.75,Consumer,United States
Tamara Mellon,Los Angeles,20.0,2020-03-12,0.4,Retail,United States
EasyPost,Salt Lake City,75.0,2020-03-11,,Logistics,United States
